arquivo,uso,pads,courtyard_elementos,silk_elementos,fabricacao_elementos,validacao,descricao
library/Resistor_THT.pretty/R_Array_SIP10.kicad_mod,NÃO USADO no PCB atual,"[{""num"": ""1"", ""tipo"": ""thru_hole"", ""forma"": ""rect"", ""x"": 0.0, ""y"": 0.0, ""sx"": 1.6, ""sy"": 1.6, ""furo"": ""0.8"", ""rede"": """"}, {""num"": ""2"", ""tipo"": ""thru_hole"", ""forma"": ""oval"", ""x"": 2.54, ""y"": 0.0, ""sx"": 1.6, ""sy"": 1.6, ""furo"": ""0.8"", ""rede"": """"}, {""num"": ""3"", ""tipo"": ""thru_hole"", ""forma"": ""oval"", ""x"": 5.08, ""y"": 0.0, ""sx"": 1.6, ""sy"": 1.6, ""furo"": ""0.8"", ""rede"": """"}, {""num"": ""4"", ""tipo"": ""thru_hole"", ""forma"": ""oval"", ""x"": 7.62, ""y"": 0.0, ""sx"": 1.6, ""sy"": 1.6, ""furo"": ""0.8"", ""rede"": """"}, {""num"": ""5"", ""tipo"": ""thru_hole"", ""forma"": ""oval"", ""x"": 10.16, ""y"": 0.0, ""sx"": 1.6, ""sy"": 1.6, ""furo"": ""0.8"", ""rede"": """"}, {""num"": ""6"", ""tipo"": ""thru_hole"", ""forma"": ""oval"", ""x"": 12.7, ""y"": 0.0, ""sx"": 1.6, ""sy"": 1.6, ""furo"": ""0.8"", ""rede"": """"}, {""num"": ""7"", ""tipo"": ""thru_hole"", ""forma"": ""oval"", ""x"": 15.24, ""y"": 0.0, ""sx"": 1.6, ""sy"": 1.6, ""furo"": ""0.8"", ""rede"": """"}, {""num"": ""8"", ""tipo"": ""thru_hole"", ""forma"": ""oval"", ""x"": 17.78, ""y"": 0.0, ""sx"": 1.6, ""sy"": 1.6, ""furo"": ""0.8"", ""rede"": """"}, {""num"": ""9"", ""tipo"": ""thru_hole"", ""forma"": ""oval"", ""x"": 20.32, ""y"": 0.0, ""sx"": 1.6, ""sy"": 1.6, ""furo"": ""0.8"", ""rede"": """"}, {""num"": ""10"", ""tipo"": ""thru_hole"", ""forma"": ""oval"", ""x"": 22.86, ""y"": 0.0, ""sx"": 1.6, ""sy"": 1.6, ""furo"": ""0.8"", ""rede"": """"}]",4,6,7,geometria inventariada; MPN/datasheet/encaixe não aprovado,10-pin Resistor SIP pack
library/Resistor_THT.pretty/R_Array_SIP11.kicad_mod,NÃO USADO no PCB atual,"[{""num"": ""1"", ""tipo"": ""thru_hole"", ""forma"": ""rect"", ""x"": 0.0, ""y"": 0.0, ""sx"": 1.6, ""sy"": 1.6, ""furo"": ""0.8"", ""rede"": """"}, {""num"": ""2"", ""tipo"": ""thru_hole"", ""forma"": ""oval"", ""x"": 2.54, ""y"": 0.0, ""sx"": 1.6, ""sy"": 1.6, ""furo"": ""0.8"", ""rede"": """"}, {""num"": ""3"", ""tipo"": ""thru_hole"", ""forma"": ""oval"", ""x"": 5.08, ""y"": 0.0, ""sx"": 1.6, ""sy"": 1.6, ""furo"": ""0.8"", ""rede"": """"}, {""num"": ""4"", ""tipo"": ""thru_hole"", ""forma"": ""oval"", ""x"": 7.62, ""y"": 0.0, ""sx"": 1.6, ""sy"": 1.6, ""furo"": ""0.8"", ""rede"": """"}, {""num"": ""5"", ""tipo"": ""thru_hole"", ""forma"": ""oval"", ""x"": 10.16, ""y"": 0.0, ""sx"": 1.6, ""sy"": 1.6, ""furo"": ""0.8"", ""rede"": """"}, {""num"": ""6"", ""tipo"": ""thru_hole"", ""forma"": ""oval"", ""x"": 12.7, ""y"": 0.0, ""sx"": 1.6, ""sy"": 1.6, ""furo"": ""0.8"", ""rede"": """"}, {""num"": ""7"", ""tipo"": ""thru_hole"", ""forma"": ""oval"", ""x"": 15.24, ""y"": 0.0, ""sx"": 1.6, ""sy"": 1.6, ""furo"": ""0.8"", ""rede"": """"}, {""num"": ""8"", ""tipo"": ""thru_hole"", ""forma"": ""oval"", ""x"": 17.78, ""y"": 0.0, ""sx"": 1.6, ""sy"": 1.6, ""furo"": ""0.8"", ""rede"": """"}, {""num"": ""9"", ""tipo"": ""thru_hole"", ""forma"": ""oval"", ""x"": 20.32, ""y"": 0.0, ""sx"": 1.6, ""sy"": 1.6, ""furo"": ""0.8"", ""rede"": """"}, {""num"": ""10"", ""tipo"": ""thru_hole"", ""forma"": ""oval"", ""x"": 22.86, ""y"": 0.0, ""sx"": 1.6, ""sy"": 1.6, ""furo"": ""0.8"", ""rede"": """"}, {""num"": ""11"", ""tipo"": ""thru_hole"", ""forma"": ""oval"", ""x"": 25.4, ""y"": 0.0, ""sx"": 1.6, ""sy"": 1.6, ""furo"": ""0.8"", ""rede"": """"}]",4,6,7,geometria inventariada; MPN/datasheet/encaixe não aprovado,11-pin Resistor SIP pack
library/Resistor_THT.pretty/R_Array_SIP12.kicad_mod,NÃO USADO no PCB atual,"[{""num"": ""1"", ""tipo"": ""thru_hole"", ""forma"": ""rect"", ""x"": 0.0, ""y"": 0.0, ""sx"": 1.6, ""sy"": 1.6, ""furo"": ""0.8"", ""rede"": """"}, {""num"": ""2"", ""tipo"": ""thru_hole"", ""forma"": ""oval"", ""x"": 2.54, ""y"": 0.0, ""sx"": 1.6, ""sy"": 1.6, ""furo"": ""0.8"", ""rede"": """"}, {""num"": ""3"", ""tipo"": ""thru_hole"", ""forma"": ""oval"", ""x"": 5.08, ""y"": 0.0, ""sx"": 1.6, ""sy"": 1.6, ""furo"": ""0.8"", ""rede"": """"}, {""num"": ""4"", ""tipo"": ""thru_hole"", ""forma"": ""oval"", ""x"": 7.62, ""y"": 0.0, ""sx"": 1.6, ""sy"": 1.6, ""furo"": ""0.8"", ""rede"": """"}, {""num"": ""5"", ""tipo"": ""thru_hole"", ""forma"": ""oval"", ""x"": 10.16, ""y"": 0.0, ""sx"": 1.6, ""sy"": 1.6, ""furo"": ""0.8"", ""rede"": """"}, {""num"": ""6"", ""tipo"": ""thru_hole"", ""forma"": ""oval"", ""x"": 12.7, ""y"": 0.0, ""sx"": 1.6, ""sy"": 1.6, ""furo"": ""0.8"", ""rede"": """"}, {""num"": ""7"", ""tipo"": ""thru_hole"", ""forma"": ""oval"", ""x"": 15.24, ""y"": 0.0, ""sx"": 1.6, ""sy"": 1.6, ""furo"": ""0.8"", ""rede"": """"}, {""num"": ""8"", ""tipo"": ""thru_hole"", ""forma"": ""oval"", ""x"": 17.78, ""y"": 0.0, ""sx"": 1.6, ""sy"": 1.6, ""furo"": ""0.8"", ""rede"": """"}, {""num"": ""9"", ""tipo"": ""thru_hole"", ""forma"": ""oval"", ""x"": 20.32, ""y"": 0.0, ""sx"": 1.6, ""sy"": 1.6, ""furo"": ""0.8"", ""rede"": """"}, {""num"": ""10"", ""tipo"": ""thru_hole"", ""forma"": ""oval"", ""x"": 22.86, ""y"": 0.0, ""sx"": 1.6, ""sy"": 1.6, ""furo"": ""0.8"", ""rede"": """"}, {""num"": ""11"", ""tipo"": ""thru_hole"", ""forma"": ""oval"", ""x"": 25.4, ""y"": 0.0, ""sx"": 1.6, ""sy"": 1.6, ""furo"": ""0.8"", ""rede"": """"}, {""num"": ""12"", ""tipo"": ""thru_hole"", ""forma"": ""oval"", ""x"": 27.94, ""y"": 0.0, ""sx"": 1.6, ""sy"": 1.6, ""furo"": ""0.8"", ""rede"": """"}]",4,6,7,geometria inventariada; MPN/datasheet/encaixe não aprovado,12-pin Resistor SIP pack
library/Resistor_THT.pretty/R_Array_SIP13.kicad_mod,NÃO USADO no PCB atual,"[{""num"": ""1"", ""tipo"": ""thru_hole"", ""forma"": ""rect"", ""x"": 0.0, ""y"": 0.0, ""sx"": 1.6, ""sy"": 1.6, ""furo"": ""0.8"", ""rede"": """"}, {""num"": ""2"", ""tipo"": ""thru_hole"", ""forma"": ""oval"", ""x"": 2.54, ""y"": 0.0, ""sx"": 1.6, ""sy"": 1.6, ""furo"": ""0.8"", ""rede"": """"}, {""num"": ""3"", ""tipo"": ""thru_hole"", ""forma"": ""oval"", ""x"": 5.08, ""y"": 0.0, ""sx"": 1.6, ""sy"": 1.6, ""furo"": ""0.8"", ""rede"": """"}, {""num"": ""4"", ""tipo"": ""thru_hole"", ""forma"": ""oval"", ""x"": 7.62, ""y"": 0.0, ""sx"": 1.6, ""sy"": 1.6, ""furo"": ""0.8"", ""rede"": """"}, {""num"": ""5"", ""tipo"": ""thru_hole"", ""forma"": ""oval"", ""x"": 10.16, ""y"": 0.0, ""sx"": 1.6, ""sy"": 1.6, ""furo"": ""0.8"", ""rede"": """"}, {""num"": ""6"", ""tipo"": ""thru_hole"", ""forma"": ""oval"", ""x"": 12.7, ""y"": 0.0, ""sx"": 1.6, ""sy"": 1.6, ""furo"": ""0.8"", ""rede"": """"}, {""num"": ""7"", ""tipo"": ""thru_hole"", ""forma"": ""oval"", ""x"": 15.24, ""y"": 0.0, ""sx"": 1.6, ""sy"": 1.6, ""furo"": ""0.8"", ""rede"": """"}, {""num"": ""8"", ""tipo"": ""thru_hole"", ""forma"": ""oval"", ""x"": 17.78, ""y"": 0.0, ""sx"": 1.6, ""sy"": 1.6, ""furo"": ""0.8"", ""rede"": """"}, {""num"": ""9"", ""tipo"": ""thru_hole"", ""forma"": ""oval"", ""x"": 20.32, ""y"": 0.0, ""sx"": 1.6, ""sy"": 1.6, ""furo"": ""0.8"", ""rede"": """"}, {""num"": ""10"", ""tipo"": ""thru_hole"", ""forma"": ""oval"", ""x"": 22.86, ""y"": 0.0, ""sx"": 1.6, ""sy"": 1.6, ""furo"": ""0.8"", ""rede"": """"}, {""num"": ""11"", ""tipo"": ""thru_hole"", ""forma"": ""oval"", ""x"": 25.4, ""y"": 0.0, ""sx"": 1.6, ""sy"": 1.6, ""furo"": ""0.8"", ""rede"": """"}, {""num"": ""12"", ""tipo"": ""thru_hole"", ""forma"": ""oval"", ""x"": 27.94, ""y"": 0.0, ""sx"": 1.6, ""sy"": 1.6, ""furo"": ""0.8"", ""rede"": """"}, {""num"": ""13"", ""tipo"": ""thru_hole"", ""forma"": ""oval"", ""x"": 30.48, ""y"": 0.0, ""sx"": 1.6, ""sy"": 1.6, ""furo"": ""0.8"", ""rede"": """"}]",4,6,7,geometria inventariada; MPN/datasheet/encaixe não aprovado,13-pin Resistor SIP pack
library/Resistor_THT.pretty/R_Array_SIP14.kicad_mod,NÃO USADO no PCB atual,"[{""num"": ""1"", ""tipo"": ""thru_hole"", ""forma"": ""rect"", ""x"": 0.0, ""y"": 0.0, ""sx"": 1.6, ""sy"": 1.6, ""furo"": ""0.8"", ""rede"": """"}, {""num"": ""2"", ""tipo"": ""thru_hole"", ""forma"": ""oval"", ""x"": 2.54, ""y"": 0.0, ""sx"": 1.6, ""sy"": 1.6, ""furo"": ""0.8"", ""rede"": """"}, {""num"": ""3"", ""tipo"": ""thru_hole"", ""forma"": ""oval"", ""x"": 5.08, ""y"": 0.0, ""sx"": 1.6, ""sy"": 1.6, ""furo"": ""0.8"", ""rede"": """"}, {""num"": ""4"", ""tipo"": ""thru_hole"", ""forma"": ""oval"", ""x"": 7.62, ""y"": 0.0, ""sx"": 1.6, ""sy"": 1.6, ""furo"": ""0.8"", ""rede"": """"}, {""num"": ""5"", ""tipo"": ""thru_hole"", ""forma"": ""oval"", ""x"": 10.16, ""y"": 0.0, ""sx"": 1.6, ""sy"": 1.6, ""furo"": ""0.8"", ""rede"": """"}, {""num"": ""6"", ""tipo"": ""thru_hole"", ""forma"": ""oval"", ""x"": 12.7, ""y"": 0.0, ""sx"": 1.6, ""sy"": 1.6, ""furo"": ""0.8"", ""rede"": """"}, {""num"": ""7"", ""tipo"": ""thru_hole"", ""forma"": ""oval"", ""x"": 15.24, ""y"": 0.0, ""sx"": 1.6, ""sy"": 1.6, ""furo"": ""0.8"", ""rede"": """"}, {""num"": ""8"", ""tipo"": ""thru_hole"", ""forma"": ""oval"", ""x"": 17.78, ""y"": 0.0, ""sx"": 1.6, ""sy"": 1.6, ""furo"": ""0.8"", ""rede"": """"}, {""num"": ""9"", ""tipo"": ""thru_hole"", ""forma"": ""oval"", ""x"": 20.32, ""y"": 0.0, ""sx"": 1.6, ""sy"": 1.6, ""furo"": ""0.8"", ""rede"": """"}, {""num"": ""10"", ""tipo"": ""thru_hole"", ""forma"": ""oval"", ""x"": 22.86, ""y"": 0.0, ""sx"": 1.6, ""sy"": 1.6, ""furo"": ""0.8"", ""rede"": """"}, {""num"": ""11"", ""tipo"": ""thru_hole"", ""forma"": ""oval"", ""x"": 25.4, ""y"": 0.0, ""sx"": 1.6, ""sy"": 1.6, ""furo"": ""0.8"", ""rede"": """"}, {""num"": ""12"", ""tipo"": ""thru_hole"", ""forma"": ""oval"", ""x"": 27.94, ""y"": 0.0, ""sx"": 1.6, ""sy"": 1.6, ""furo"": ""0.8"", ""rede"": """"}, {""num"": ""13"", ""tipo"": ""thru_hole"", ""forma"": ""oval"", ""x"": 30.48, ""y"": 0.0, ""sx"": 1.6, ""sy"": 1.6, ""furo"": ""0.8"", ""rede"": """"}, {""num"": ""14"", ""tipo"": ""thru_hole"", ""forma"": ""oval"", ""x"": 33.02, ""y"": 0.0, ""sx"": 1.6, ""sy"": 1.6, ""furo"": ""0.8"", ""rede"": """"}]",4,6,7,geometria inventariada; MPN/datasheet/encaixe não aprovado,14-pin Resistor SIP pack
library/Resistor_THT.pretty/R_Array_SIP4.kicad_mod,NÃO USADO no PCB atual,"[{""num"": ""1"", ""tipo"": ""thru_hole"", ""forma"": ""rect"", ""x"": 0.0, ""y"": 0.0, ""sx"": 1.6, ""sy"": 1.6, ""furo"": ""0.8"", ""rede"": """"}, {""num"": ""2"", ""tipo"": ""thru_hole"", ""forma"": ""oval"", ""x"": 2.54, ""y"": 0.0, ""sx"": 1.6, ""sy"": 1.6, ""furo"": ""0.8"", ""rede"": """"}, {""num"": ""3"", ""tipo"": ""thru_hole"", ""forma"": ""oval"", ""x"": 5.08, ""y"": 0.0, ""sx"": 1.6, ""sy"": 1.6, ""furo"": ""0.8"", ""rede"": """"}, {""num"": ""4"", ""tipo"": ""thru_hole"", ""forma"": ""oval"", ""x"": 7.62, ""y"": 0.0, ""sx"": 1.6, ""sy"": 1.6, ""furo"": ""0.8"", ""rede"": """"}]",4,6,7,geometria inventariada; MPN/datasheet/encaixe não aprovado,4-pin Resistor SIP pack
library/Resistor_THT.pretty/R_Array_SIP5.kicad_mod,NÃO USADO no PCB atual,"[{""num"": ""1"", ""tipo"": ""thru_hole"", ""forma"": ""rect"", ""x"": 0.0, ""y"": 0.0, ""sx"": 1.6, ""sy"": 1.6, ""furo"": ""0.8"", ""rede"": """"}, {""num"": ""2"", ""tipo"": ""thru_hole"", ""forma"": ""oval"", ""x"": 2.54, ""y"": 0.0, ""sx"": 1.6, ""sy"": 1.6, ""furo"": ""0.8"", ""rede"": """"}, {""num"": ""3"", ""tipo"": ""thru_hole"", ""forma"": ""oval"", ""x"": 5.08, ""y"": 0.0, ""sx"": 1.6, ""sy"": 1.6, ""furo"": ""0.8"", ""rede"": """"}, {""num"": ""4"", ""tipo"": ""thru_hole"", ""forma"": ""oval"", ""x"": 7.62, ""y"": 0.0, ""sx"": 1.6, ""sy"": 1.6, ""furo"": ""0.8"", ""rede"": """"}, {""num"": ""5"", ""tipo"": ""thru_hole"", ""forma"": ""oval"", ""x"": 10.16, ""y"": 0.0, ""sx"": 1.6, ""sy"": 1.6, ""furo"": ""0.8"", ""rede"": """"}]",4,6,7,geometria inventariada; MPN/datasheet/encaixe não aprovado,5-pin Resistor SIP pack
library/Resistor_THT.pretty/R_Array_SIP6.kicad_mod,NÃO USADO no PCB atual,"[{""num"": ""1"", ""tipo"": ""thru_hole"", ""forma"": ""rect"", ""x"": 0.0, ""y"": 0.0, ""sx"": 1.6, ""sy"": 1.6, ""furo"": ""0.8"", ""rede"": """"}, {""num"": ""2"", ""tipo"": ""thru_hole"", ""forma"": ""oval"", ""x"": 2.54, ""y"": 0.0, ""sx"": 1.6, ""sy"": 1.6, ""furo"": ""0.8"", ""rede"": """"}, {""num"": ""3"", ""tipo"": ""thru_hole"", ""forma"": ""oval"", ""x"": 5.08, ""y"": 0.0, ""sx"": 1.6, ""sy"": 1.6, ""furo"": ""0.8"", ""rede"": """"}, {""num"": ""4"", ""tipo"": ""thru_hole"", ""forma"": ""oval"", ""x"": 7.62, ""y"": 0.0, ""sx"": 1.6, ""sy"": 1.6, ""furo"": ""0.8"", ""rede"": """"}, {""num"": ""5"", ""tipo"": ""thru_hole"", ""forma"": ""oval"", ""x"": 10.16, ""y"": 0.0, ""sx"": 1.6, ""sy"": 1.6, ""furo"": ""0.8"", ""rede"": """"}, {""num"": ""6"", ""tipo"": ""thru_hole"", ""forma"": ""oval"", ""x"": 12.7, ""y"": 0.0, ""sx"": 1.6, ""sy"": 1.6, ""furo"": ""0.8"", ""rede"": """"}]",4,6,7,geometria inventariada; MPN/datasheet/encaixe não aprovado,6-pin Resistor SIP pack
library/Resistor_THT.pretty/R_Array_SIP7.kicad_mod,NÃO USADO no PCB atual,"[{""num"": ""1"", ""tipo"": ""thru_hole"", ""forma"": ""rect"", ""x"": 0.0, ""y"": 0.0, ""sx"": 1.6, ""sy"": 1.6, ""furo"": ""0.8"", ""rede"": """"}, {""num"": ""2"", ""tipo"": ""thru_hole"", ""forma"": ""oval"", ""x"": 2.54, ""y"": 0.0, ""sx"": 1.6, ""sy"": 1.6, ""furo"": ""0.8"", ""rede"": """"}, {""num"": ""3"", ""tipo"": ""thru_hole"", ""forma"": ""oval"", ""x"": 5.08, ""y"": 0.0, ""sx"": 1.6, ""sy"": 1.6, ""furo"": ""0.8"", ""rede"": """"}, {""num"": ""4"", ""tipo"": ""thru_hole"", ""forma"": ""oval"", ""x"": 7.62, ""y"": 0.0, ""sx"": 1.6, ""sy"": 1.6, ""furo"": ""0.8"", ""rede"": """"}, {""num"": ""5"", ""tipo"": ""thru_hole"", ""forma"": ""oval"", ""x"": 10.16, ""y"": 0.0, ""sx"": 1.6, ""sy"": 1.6, ""furo"": ""0.8"", ""rede"": """"}, {""num"": ""6"", ""tipo"": ""thru_hole"", ""forma"": ""oval"", ""x"": 12.7, ""y"": 0.0, ""sx"": 1.6, ""sy"": 1.6, ""furo"": ""0.8"", ""rede"": """"}, {""num"": ""7"", ""tipo"": ""thru_hole"", ""forma"": ""oval"", ""x"": 15.24, ""y"": 0.0, ""sx"": 1.6, ""sy"": 1.6, ""furo"": ""0.8"", ""rede"": """"}]",4,6,7,geometria inventariada; MPN/datasheet/encaixe não aprovado,7-pin Resistor SIP pack
library/Resistor_THT.pretty/R_Array_SIP8.kicad_mod,NÃO USADO no PCB atual,"[{""num"": ""1"", ""tipo"": ""thru_hole"", ""forma"": ""rect"", ""x"": 0.0, ""y"": 0.0, ""sx"": 1.6, ""sy"": 1.6, ""furo"": ""0.8"", ""rede"": """"}, {""num"": ""2"", ""tipo"": ""thru_hole"", ""forma"": ""oval"", ""x"": 2.54, ""y"": 0.0, ""sx"": 1.6, ""sy"": 1.6, ""furo"": ""0.8"", ""rede"": """"}, {""num"": ""3"", ""tipo"": ""thru_hole"", ""forma"": ""oval"", ""x"": 5.08, ""y"": 0.0, ""sx"": 1.6, ""sy"": 1.6, ""furo"": ""0.8"", ""rede"": """"}, {""num"": ""4"", ""tipo"": ""thru_hole"", ""forma"": ""oval"", ""x"": 7.62, ""y"": 0.0, ""sx"": 1.6, ""sy"": 1.6, ""furo"": ""0.8"", ""rede"": """"}, {""num"": ""5"", ""tipo"": ""thru_hole"", ""forma"": ""oval"", ""x"": 10.16, ""y"": 0.0, ""sx"": 1.6, ""sy"": 1.6, ""furo"": ""0.8"", ""rede"": """"}, {""num"": ""6"", ""tipo"": ""thru_hole"", ""forma"": ""oval"", ""x"": 12.7, ""y"": 0.0, ""sx"": 1.6, ""sy"": 1.6, ""furo"": ""0.8"", ""rede"": """"}, {""num"": ""7"", ""tipo"": ""thru_hole"", ""forma"": ""oval"", ""x"": 15.24, ""y"": 0.0, ""sx"": 1.6, ""sy"": 1.6, ""furo"": ""0.8"", ""rede"": """"}, {""num"": ""8"", ""tipo"": ""thru_hole"", ""forma"": ""oval"", ""x"": 17.78, ""y"": 0.0, ""sx"": 1.6, ""sy"": 1.6, ""furo"": ""0.8"", ""rede"": """"}]",4,6,7,geometria inventariada; MPN/datasheet/encaixe não aprovado,8-pin Resistor SIP pack
library/Resistor_THT.pretty/R_Array_SIP9.kicad_mod,NÃO USADO no PCB atual,"[{""num"": ""1"", ""tipo"": ""thru_hole"", ""forma"": ""rect"", ""x"": 0.0, ""y"": 0.0, ""sx"": 1.6, ""sy"": 1.6, ""furo"": ""0.8"", ""rede"": """"}, {""num"": ""2"", ""tipo"": ""thru_hole"", ""forma"": ""oval"", ""x"": 2.54, ""y"": 0.0, ""sx"": 1.6, ""sy"": 1.6, ""furo"": ""0.8"", ""rede"": """"}, {""num"": ""3"", ""tipo"": ""thru_hole"", ""forma"": ""oval"", ""x"": 5.08, ""y"": 0.0, ""sx"": 1.6, ""sy"": 1.6, ""furo"": ""0.8"", ""rede"": """"}, {""num"": ""4"", ""tipo"": ""thru_hole"", ""forma"": ""oval"", ""x"": 7.62, ""y"": 0.0, ""sx"": 1.6, ""sy"": 1.6, ""furo"": ""0.8"", ""rede"": """"}, {""num"": ""5"", ""tipo"": ""thru_hole"", ""forma"": ""oval"", ""x"": 10.16, ""y"": 0.0, ""sx"": 1.6, ""sy"": 1.6, ""furo"": ""0.8"", ""rede"": """"}, {""num"": ""6"", ""tipo"": ""thru_hole"", ""forma"": ""oval"", ""x"": 12.7, ""y"": 0.0, ""sx"": 1.6, ""sy"": 1.6, ""furo"": ""0.8"", ""rede"": """"}, {""num"": ""7"", ""tipo"": ""thru_hole"", ""forma"": ""oval"", ""x"": 15.24, ""y"": 0.0, ""sx"": 1.6, ""sy"": 1.6, ""furo"": ""0.8"", ""rede"": """"}, {""num"": ""8"", ""tipo"": ""thru_hole"", ""forma"": ""oval"", ""x"": 17.78, ""y"": 0.0, ""sx"": 1.6, ""sy"": 1.6, ""furo"": ""0.8"", ""rede"": """"}, {""num"": ""9"", ""tipo"": ""thru_hole"", ""forma"": ""oval"", ""x"": 20.32, ""y"": 0.0, ""sx"": 1.6, ""sy"": 1.6, ""furo"": ""0.8"", ""rede"": """"}]",4,6,7,geometria inventariada; MPN/datasheet/encaixe não aprovado,9-pin Resistor SIP pack
library/Resistor_THT.pretty/R_Axial_DIN0204_L3.6mm_D1.6mm_P1.90mm_Vertical.kicad_mod,NÃO USADO no PCB atual,"[{""num"": ""1"", ""tipo"": ""thru_hole"", ""forma"": ""circle"", ""x"": 0.0, ""y"": 0.0, ""sx"": 1.4, ""sy"": 1.4, ""furo"": ""0.7"", ""rede"": """"}, {""num"": ""2"", ""tipo"": ""thru_hole"", ""forma"": ""oval"", ""x"": 1.9, ""y"": 0.0, ""sx"": 1.4, ""sy"": 1.4, ""furo"": ""0.7"", ""rede"": """"}]",4,2,4,geometria inventariada; MPN/datasheet/encaixe não aprovado,"Resistor, Axial_DIN0204 series, Axial, Vertical, pin pitch=1.9mm, 0.167W, length*diameter=3.6*1.6mm^2, http://cdn-reichelt.de/documents/datenblatt/B400/1_4W%23YAG.pdf"
library/Resistor_THT.pretty/R_Axial_DIN0204_L3.6mm_D1.6mm_P2.54mm_Vertical.kicad_mod,NÃO USADO no PCB atual,"[{""num"": ""1"", ""tipo"": ""thru_hole"", ""forma"": ""circle"", ""x"": 0.0, ""y"": 0.0, ""sx"": 1.4, ""sy"": 1.4, ""furo"": ""0.7"", ""rede"": """"}, {""num"": ""2"", ""tipo"": ""thru_hole"", ""forma"": ""oval"", ""x"": 2.54, ""y"": 0.0, ""sx"": 1.4, ""sy"": 1.4, ""furo"": ""0.7"", ""rede"": """"}]",4,3,4,geometria inventariada; MPN/datasheet/encaixe não aprovado,"Resistor, Axial_DIN0204 series, Axial, Vertical, pin pitch=2.54mm, 0.167W, length*diameter=3.6*1.6mm^2, http://cdn-reichelt.de/documents/datenblatt/B400/1_4W%23YAG.pdf"
library/Resistor_THT.pretty/R_Axial_DIN0204_L3.6mm_D1.6mm_P5.08mm_Horizontal.kicad_mod,NÃO USADO no PCB atual,"[{""num"": ""1"", ""tipo"": ""thru_hole"", ""forma"": ""circle"", ""x"": 0.0, ""y"": 0.0, ""sx"": 1.4, ""sy"": 1.4, ""furo"": ""0.7"", ""rede"": """"}, {""num"": ""2"", ""tipo"": ""thru_hole"", ""forma"": ""oval"", ""x"": 5.08, ""y"": 0.0, ""sx"": 1.4, ""sy"": 1.4, ""furo"": ""0.7"", ""rede"": """"}]",4,3,8,geometria inventariada; MPN/datasheet/encaixe não aprovado,"Resistor, Axial_DIN0204 series, Axial, Horizontal, pin pitch=5.08mm, 0.167W, length*diameter=3.6*1.6mm^2, http://cdn-reichelt.de/documents/datenblatt/B400/1_4W%23YAG.pdf"
library/Resistor_THT.pretty/R_Axial_DIN0204_L3.6mm_D1.6mm_P5.08mm_Vertical.kicad_mod,NÃO USADO no PCB atual,"[{""num"": ""1"", ""tipo"": ""thru_hole"", ""forma"": ""circle"", ""x"": 0.0, ""y"": 0.0, ""sx"": 1.4, ""sy"": 1.4, ""furo"": ""0.7"", ""rede"": """"}, {""num"": ""2"", ""tipo"": ""thru_hole"", ""forma"": ""oval"", ""x"": 5.08, ""y"": 0.0, ""sx"": 1.4, ""sy"": 1.4, ""furo"": ""0.7"", ""rede"": """"}]",4,3,4,geometria inventariada; MPN/datasheet/encaixe não aprovado,"Resistor, Axial_DIN0204 series, Axial, Vertical, pin pitch=5.08mm, 0.167W, length*diameter=3.6*1.6mm^2, http://cdn-reichelt.de/documents/datenblatt/B400/1_4W%23YAG.pdf"
library/Resistor_THT.pretty/R_Axial_DIN0204_L3.6mm_D1.6mm_P7.62mm_Horizontal.kicad_mod,NÃO USADO no PCB atual,"[{""num"": ""1"", ""tipo"": ""thru_hole"", ""forma"": ""circle"", ""x"": 0.0, ""y"": 0.0, ""sx"": 1.4, ""sy"": 1.4, ""furo"": ""0.7"", ""rede"": """"}, {""num"": ""2"", ""tipo"": ""thru_hole"", ""forma"": ""oval"", ""x"": 7.62, ""y"": 0.0, ""sx"": 1.4, ""sy"": 1.4, ""furo"": ""0.7"", ""rede"": """"}]",4,7,8,geometria inventariada; MPN/datasheet/encaixe não aprovado,"Resistor, Axial_DIN0204 series, Axial, Horizontal, pin pitch=7.62mm, 0.167W, length*diameter=3.6*1.6mm^2, http://cdn-reichelt.de/documents/datenblatt/B400/1_4W%23YAG.pdf"
library/Resistor_THT.pretty/R_Axial_DIN0207_L6.3mm_D2.5mm_P10.16mm_Horizontal.kicad_mod,NÃO USADO no PCB atual,"[{""num"": ""1"", ""tipo"": ""thru_hole"", ""forma"": ""circle"", ""x"": 0.0, ""y"": 0.0, ""sx"": 1.6, ""sy"": 1.6, ""furo"": ""0.8"", ""rede"": """"}, {""num"": ""2"", ""tipo"": ""thru_hole"", ""forma"": ""oval"", ""x"": 10.16, ""y"": 0.0, ""sx"": 1.6, ""sy"": 1.6, ""furo"": ""0.8"", ""rede"": """"}]",4,7,8,geometria inventariada; MPN/datasheet/encaixe não aprovado,"Resistor, Axial_DIN0207 series, Axial, Horizontal, pin pitch=10.16mm, 0.25W = 1/4W, length*diameter=6.3*2.5mm^2, http://cdn-reichelt.de/documents/datenblatt/B400/1_4W%23YAG.pdf"
library/Resistor_THT.pretty/R_Axial_DIN0207_L6.3mm_D2.5mm_P15.24mm_Horizontal.kicad_mod,NÃO USADO no PCB atual,"[{""num"": ""1"", ""tipo"": ""thru_hole"", ""forma"": ""circle"", ""x"": 0.0, ""y"": 0.0, ""sx"": 1.6, ""sy"": 1.6, ""furo"": ""0.8"", ""rede"": """"}, {""num"": ""2"", ""tipo"": ""thru_hole"", ""forma"": ""oval"", ""x"": 15.24, ""y"": 0.0, ""sx"": 1.6, ""sy"": 1.6, ""furo"": ""0.8"", ""rede"": """"}]",4,7,8,geometria inventariada; MPN/datasheet/encaixe não aprovado,"Resistor, Axial_DIN0207 series, Axial, Horizontal, pin pitch=15.24mm, 0.25W = 1/4W, length*diameter=6.3*2.5mm^2, http://cdn-reichelt.de/documents/datenblatt/B400/1_4W%23YAG.pdf"
library/Resistor_THT.pretty/R_Axial_DIN0207_L6.3mm_D2.5mm_P2.54mm_Vertical.kicad_mod,NÃO USADO no PCB atual,"[{""num"": ""1"", ""tipo"": ""thru_hole"", ""forma"": ""circle"", ""x"": 0.0, ""y"": 0.0, ""sx"": 1.6, ""sy"": 1.6, ""furo"": ""0.8"", ""rede"": """"}, {""num"": ""2"", ""tipo"": ""thru_hole"", ""forma"": ""oval"", ""x"": 2.54, ""y"": 0.0, ""sx"": 1.6, ""sy"": 1.6, ""furo"": ""0.8"", ""rede"": """"}]",4,3,4,geometria inventariada; MPN/datasheet/encaixe não aprovado,"Resistor, Axial_DIN0207 series, Axial, Vertical, pin pitch=2.54mm, 0.25W = 1/4W, length*diameter=6.3*2.5mm^2, http://cdn-reichelt.de/documents/datenblatt/B400/1_4W%23YAG.pdf"
library/Resistor_THT.pretty/R_Axial_DIN0207_L6.3mm_D2.5mm_P5.08mm_Vertical.kicad_mod,NÃO USADO no PCB atual,"[{""num"": ""1"", ""tipo"": ""thru_hole"", ""forma"": ""circle"", ""x"": 0.0, ""y"": 0.0, ""sx"": 1.6, ""sy"": 1.6, ""furo"": ""0.8"", ""rede"": """"}, {""num"": ""2"", ""tipo"": ""thru_hole"", ""forma"": ""oval"", ""x"": 5.08, ""y"": 0.0, ""sx"": 1.6, ""sy"": 1.6, ""furo"": ""0.8"", ""rede"": """"}]",4,3,4,geometria inventariada; MPN/datasheet/encaixe não aprovado,"Resistor, Axial_DIN0207 series, Axial, Vertical, pin pitch=5.08mm, 0.25W = 1/4W, length*diameter=6.3*2.5mm^2, http://cdn-reichelt.de/documents/datenblatt/B400/1_4W%23YAG.pdf"
library/Resistor_THT.pretty/R_Axial_DIN0207_L6.3mm_D2.5mm_P7.62mm_Horizontal.kicad_mod,NÃO USADO no PCB atual,"[{""num"": ""1"", ""tipo"": ""thru_hole"", ""forma"": ""circle"", ""x"": 0.0, ""y"": 0.0, ""sx"": 1.6, ""sy"": 1.6, ""furo"": ""0.8"", ""rede"": """"}, {""num"": ""2"", ""tipo"": ""thru_hole"", ""forma"": ""oval"", ""x"": 7.62, ""y"": 0.0, ""sx"": 1.6, ""sy"": 1.6, ""furo"": ""0.8"", ""rede"": """"}]",4,7,8,geometria inventariada; MPN/datasheet/encaixe não aprovado,"Resistor, Axial_DIN0207 series, Axial, Horizontal, pin pitch=7.62mm, 0.25W = 1/4W, length*diameter=6.3*2.5mm^2, http://cdn-reichelt.de/documents/datenblatt/B400/1_4W%23YAG.pdf"
library/Resistor_THT.pretty/R_Axial_DIN0309_L9.0mm_D3.2mm_P12.70mm_Horizontal.kicad_mod,NÃO USADO no PCB atual,"[{""num"": ""1"", ""tipo"": ""thru_hole"", ""forma"": ""circle"", ""x"": 0.0, ""y"": 0.0, ""sx"": 1.6, ""sy"": 1.6, ""furo"": ""0.8"", ""rede"": """"}, {""num"": ""2"", ""tipo"": ""thru_hole"", ""forma"": ""oval"", ""x"": 12.7, ""y"": 0.0, ""sx"": 1.6, ""sy"": 1.6, ""furo"": ""0.8"", ""rede"": """"}]",4,7,8,geometria inventariada; MPN/datasheet/encaixe não aprovado,"Resistor, Axial_DIN0309 series, Axial, Horizontal, pin pitch=12.7mm, 0.5W = 1/2W, length*diameter=9*3.2mm^2, http://cdn-reichelt.de/documents/datenblatt/B400/1_4W%23YAG.pdf"
library/Resistor_THT.pretty/R_Axial_DIN0309_L9.0mm_D3.2mm_P15.24mm_Horizontal.kicad_mod,NÃO USADO no PCB atual,"[{""num"": ""1"", ""tipo"": ""thru_hole"", ""forma"": ""circle"", ""x"": 0.0, ""y"": 0.0, ""sx"": 1.6, ""sy"": 1.6, ""furo"": ""0.8"", ""rede"": """"}, {""num"": ""2"", ""tipo"": ""thru_hole"", ""forma"": ""oval"", ""x"": 15.24, ""y"": 0.0, ""sx"": 1.6, ""sy"": 1.6, ""furo"": ""0.8"", ""rede"": """"}]",4,7,8,geometria inventariada; MPN/datasheet/encaixe não aprovado,"Resistor, Axial_DIN0309 series, Axial, Horizontal, pin pitch=15.24mm, 0.5W = 1/2W, length*diameter=9*3.2mm^2, http://cdn-reichelt.de/documents/datenblatt/B400/1_4W%23YAG.pdf"
library/Resistor_THT.pretty/R_Axial_DIN0309_L9.0mm_D3.2mm_P2.54mm_Vertical.kicad_mod,NÃO USADO no PCB atual,"[{""num"": ""1"", ""tipo"": ""thru_hole"", ""forma"": ""circle"", ""x"": 0.0, ""y"": 0.0, ""sx"": 1.6, ""sy"": 1.6, ""furo"": ""0.8"", ""rede"": """"}, {""num"": ""2"", ""tipo"": ""thru_hole"", ""forma"": ""oval"", ""x"": 2.54, ""y"": 0.0, ""sx"": 1.6, ""sy"": 1.6, ""furo"": ""0.8"", ""rede"": """"}]",4,2,4,geometria inventariada; MPN/datasheet/encaixe não aprovado,"Resistor, Axial_DIN0309 series, Axial, Vertical, pin pitch=2.54mm, 0.5W = 1/2W, length*diameter=9*3.2mm^2, http://cdn-reichelt.de/documents/datenblatt/B400/1_4W%23YAG.pdf"
library/Resistor_THT.pretty/R_Axial_DIN0309_L9.0mm_D3.2mm_P20.32mm_Horizontal.kicad_mod,NÃO USADO no PCB atual,"[{""num"": ""1"", ""tipo"": ""thru_hole"", ""forma"": ""circle"", ""x"": 0.0, ""y"": 0.0, ""sx"": 1.6, ""sy"": 1.6, ""furo"": ""0.8"", ""rede"": """"}, {""num"": ""2"", ""tipo"": ""thru_hole"", ""forma"": ""oval"", ""x"": 20.32, ""y"": 0.0, ""sx"": 1.6, ""sy"": 1.6, ""furo"": ""0.8"", ""rede"": """"}]",4,7,8,geometria inventariada; MPN/datasheet/encaixe não aprovado,"Resistor, Axial_DIN0309 series, Axial, Horizontal, pin pitch=20.32mm, 0.5W = 1/2W, length*diameter=9*3.2mm^2, http://cdn-reichelt.de/documents/datenblatt/B400/1_4W%23YAG.pdf"
library/Resistor_THT.pretty/R_Axial_DIN0309_L9.0mm_D3.2mm_P25.40mm_Horizontal.kicad_mod,NÃO USADO no PCB atual,"[{""num"": ""1"", ""tipo"": ""thru_hole"", ""forma"": ""circle"", ""x"": 0.0, ""y"": 0.0, ""sx"": 1.6, ""sy"": 1.6, ""furo"": ""0.8"", ""rede"": """"}, {""num"": ""2"", ""tipo"": ""thru_hole"", ""forma"": ""oval"", ""x"": 25.4, ""y"": 0.0, ""sx"": 1.6, ""sy"": 1.6, ""furo"": ""0.8"", ""rede"": """"}]",4,7,8,geometria inventariada; MPN/datasheet/encaixe não aprovado,"Resistor, Axial_DIN0309 series, Axial, Horizontal, pin pitch=25.4mm, 0.5W = 1/2W, length*diameter=9*3.2mm^2, http://cdn-reichelt.de/documents/datenblatt/B400/1_4W%23YAG.pdf"
library/Resistor_THT.pretty/R_Axial_DIN0309_L9.0mm_D3.2mm_P5.08mm_Vertical.kicad_mod,NÃO USADO no PCB atual,"[{""num"": ""1"", ""tipo"": ""thru_hole"", ""forma"": ""circle"", ""x"": 0.0, ""y"": 0.0, ""sx"": 1.6, ""sy"": 1.6, ""furo"": ""0.8"", ""rede"": """"}, {""num"": ""2"", ""tipo"": ""thru_hole"", ""forma"": ""oval"", ""x"": 5.08, ""y"": 0.0, ""sx"": 1.6, ""sy"": 1.6, ""furo"": ""0.8"", ""rede"": """"}]",4,3,4,geometria inventariada; MPN/datasheet/encaixe não aprovado,"Resistor, Axial_DIN0309 series, Axial, Vertical, pin pitch=5.08mm, 0.5W = 1/2W, length*diameter=9*3.2mm^2, http://cdn-reichelt.de/documents/datenblatt/B400/1_4W%23YAG.pdf"
library/Resistor_THT.pretty/R_Axial_DIN0411_L9.9mm_D3.6mm_P12.70mm_Horizontal.kicad_mod,NÃO USADO no PCB atual,"[{""num"": ""1"", ""tipo"": ""thru_hole"", ""forma"": ""circle"", ""x"": 0.0, ""y"": 0.0, ""sx"": 2.4, ""sy"": 2.4, ""furo"": ""1.2"", ""rede"": """"}, {""num"": ""2"", ""tipo"": ""thru_hole"", ""forma"": ""oval"", ""x"": 12.7, ""y"": 0.0, ""sx"": 2.4, ""sy"": 2.4, ""furo"": ""1.2"", ""rede"": """"}]",4,7,8,geometria inventariada; MPN/datasheet/encaixe não aprovado,"Resistor, Axial_DIN0411 series, Axial, Horizontal, pin pitch=12.7mm, 1W, length*diameter=9.9*3.6mm^2"
library/Resistor_THT.pretty/R_Axial_DIN0411_L9.9mm_D3.6mm_P15.24mm_Horizontal.kicad_mod,NÃO USADO no PCB atual,"[{""num"": ""1"", ""tipo"": ""thru_hole"", ""forma"": ""circle"", ""x"": 0.0, ""y"": 0.0, ""sx"": 2.4, ""sy"": 2.4, ""furo"": ""1.2"", ""rede"": """"}, {""num"": ""2"", ""tipo"": ""thru_hole"", ""forma"": ""oval"", ""x"": 15.24, ""y"": 0.0, ""sx"": 2.4, ""sy"": 2.4, ""furo"": ""1.2"", ""rede"": """"}]",4,7,8,geometria inventariada; MPN/datasheet/encaixe não aprovado,"Resistor, Axial_DIN0411 series, Axial, Horizontal, pin pitch=15.24mm, 1W, length*diameter=9.9*3.6mm^2"
library/Resistor_THT.pretty/R_Axial_DIN0411_L9.9mm_D3.6mm_P20.32mm_Horizontal.kicad_mod,NÃO USADO no PCB atual,"[{""num"": ""1"", ""tipo"": ""thru_hole"", ""forma"": ""circle"", ""x"": 0.0, ""y"": 0.0, ""sx"": 2.4, ""sy"": 2.4, ""furo"": ""1.2"", ""rede"": """"}, {""num"": ""2"", ""tipo"": ""thru_hole"", ""forma"": ""oval"", ""x"": 20.32, ""y"": 0.0, ""sx"": 2.4, ""sy"": 2.4, ""furo"": ""1.2"", ""rede"": """"}]",4,7,8,geometria inventariada; MPN/datasheet/encaixe não aprovado,"Resistor, Axial_DIN0411 series, Axial, Horizontal, pin pitch=20.32mm, 1W, length*diameter=9.9*3.6mm^2"
library/Resistor_THT.pretty/R_Axial_DIN0411_L9.9mm_D3.6mm_P25.40mm_Horizontal.kicad_mod,NÃO USADO no PCB atual,"[{""num"": ""1"", ""tipo"": ""thru_hole"", ""forma"": ""circle"", ""x"": 0.0, ""y"": 0.0, ""sx"": 2.4, ""sy"": 2.4, ""furo"": ""1.2"", ""rede"": """"}, {""num"": ""2"", ""tipo"": ""thru_hole"", ""forma"": ""oval"", ""x"": 25.4, ""y"": 0.0, ""sx"": 2.4, ""sy"": 2.4, ""furo"": ""1.2"", ""rede"": """"}]",4,7,8,geometria inventariada; MPN/datasheet/encaixe não aprovado,"Resistor, Axial_DIN0411 series, Axial, Horizontal, pin pitch=25.4mm, 1W, length*diameter=9.9*3.6mm^2"
library/Resistor_THT.pretty/R_Axial_DIN0411_L9.9mm_D3.6mm_P5.08mm_Vertical.kicad_mod,NÃO USADO no PCB atual,"[{""num"": ""1"", ""tipo"": ""thru_hole"", ""forma"": ""circle"", ""x"": 0.0, ""y"": 0.0, ""sx"": 2.4, ""sy"": 2.4, ""furo"": ""1.2"", ""rede"": """"}, {""num"": ""2"", ""tipo"": ""thru_hole"", ""forma"": ""oval"", ""x"": 5.08, ""y"": 0.0, ""sx"": 2.4, ""sy"": 2.4, ""furo"": ""1.2"", ""rede"": """"}]",4,3,4,geometria inventariada; MPN/datasheet/encaixe não aprovado,"Resistor, Axial_DIN0411 series, Axial, Vertical, pin pitch=5.08mm, 1W, length*diameter=9.9*3.6mm^2"
library/Resistor_THT.pretty/R_Axial_DIN0411_L9.9mm_D3.6mm_P7.62mm_Vertical.kicad_mod,NÃO USADO no PCB atual,"[{""num"": ""1"", ""tipo"": ""thru_hole"", ""forma"": ""circle"", ""x"": 0.0, ""y"": 0.0, ""sx"": 2.4, ""sy"": 2.4, ""furo"": ""1.2"", ""rede"": """"}, {""num"": ""2"", ""tipo"": ""thru_hole"", ""forma"": ""oval"", ""x"": 7.62, ""y"": 0.0, ""sx"": 2.4, ""sy"": 2.4, ""furo"": ""1.2"", ""rede"": """"}]",4,3,4,geometria inventariada; MPN/datasheet/encaixe não aprovado,"Resistor, Axial_DIN0411 series, Axial, Vertical, pin pitch=7.62mm, 1W, length*diameter=9.9*3.6mm^2"
library/Resistor_THT.pretty/R_Axial_DIN0414_L11.9mm_D4.5mm_P15.24mm_Horizontal.kicad_mod,NÃO USADO no PCB atual,"[{""num"": ""1"", ""tipo"": ""thru_hole"", ""forma"": ""circle"", ""x"": 0.0, ""y"": 0.0, ""sx"": 2.4, ""sy"": 2.4, ""furo"": ""1.2"", ""rede"": """"}, {""num"": ""2"", ""tipo"": ""thru_hole"", ""forma"": ""oval"", ""x"": 15.24, ""y"": 0.0, ""sx"": 2.4, ""sy"": 2.4, ""furo"": ""1.2"", ""rede"": """"}]",4,7,8,geometria inventariada; MPN/datasheet/encaixe não aprovado,"Resistor, Axial_DIN0414 series, Axial, Horizontal, pin pitch=15.24mm, 2W, length*diameter=11.9*4.5mm^2, http://www.vishay.com/docs/20128/wkxwrx.pdf"
library/Resistor_THT.pretty/R_Axial_DIN0414_L11.9mm_D4.5mm_P20.32mm_Horizontal.kicad_mod,NÃO USADO no PCB atual,"[{""num"": ""1"", ""tipo"": ""thru_hole"", ""forma"": ""circle"", ""x"": 0.0, ""y"": 0.0, ""sx"": 2.4, ""sy"": 2.4, ""furo"": ""1.2"", ""rede"": """"}, {""num"": ""2"", ""tipo"": ""thru_hole"", ""forma"": ""oval"", ""x"": 20.32, ""y"": 0.0, ""sx"": 2.4, ""sy"": 2.4, ""furo"": ""1.2"", ""rede"": """"}]",4,7,8,geometria inventariada; MPN/datasheet/encaixe não aprovado,"Resistor, Axial_DIN0414 series, Axial, Horizontal, pin pitch=20.32mm, 2W, length*diameter=11.9*4.5mm^2, http://www.vishay.com/docs/20128/wkxwrx.pdf"
library/Resistor_THT.pretty/R_Axial_DIN0414_L11.9mm_D4.5mm_P25.40mm_Horizontal.kicad_mod,NÃO USADO no PCB atual,"[{""num"": ""1"", ""tipo"": ""thru_hole"", ""forma"": ""circle"", ""x"": 0.0, ""y"": 0.0, ""sx"": 2.4, ""sy"": 2.4, ""furo"": ""1.2"", ""rede"": """"}, {""num"": ""2"", ""tipo"": ""thru_hole"", ""forma"": ""oval"", ""x"": 25.4, ""y"": 0.0, ""sx"": 2.4, ""sy"": 2.4, ""furo"": ""1.2"", ""rede"": """"}]",4,7,8,geometria inventariada; MPN/datasheet/encaixe não aprovado,"Resistor, Axial_DIN0414 series, Axial, Horizontal, pin pitch=25.4mm, 2W, length*diameter=11.9*4.5mm^2, http://www.vishay.com/docs/20128/wkxwrx.pdf"
library/Resistor_THT.pretty/R_Axial_DIN0414_L11.9mm_D4.5mm_P5.08mm_Vertical.kicad_mod,NÃO USADO no PCB atual,"[{""num"": ""1"", ""tipo"": ""thru_hole"", ""forma"": ""circle"", ""x"": 0.0, ""y"": 0.0, ""sx"": 2.4, ""sy"": 2.4, ""furo"": ""1.2"", ""rede"": """"}, {""num"": ""2"", ""tipo"": ""thru_hole"", ""forma"": ""oval"", ""x"": 5.08, ""y"": 0.0, ""sx"": 2.4, ""sy"": 2.4, ""furo"": ""1.2"", ""rede"": """"}]",4,3,4,geometria inventariada; MPN/datasheet/encaixe não aprovado,"Resistor, Axial_DIN0414 series, Axial, Vertical, pin pitch=5.08mm, 2W, length*diameter=11.9*4.5mm^2, http://www.vishay.com/docs/20128/wkxwrx.pdf"
library/Resistor_THT.pretty/R_Axial_DIN0414_L11.9mm_D4.5mm_P7.62mm_Vertical.kicad_mod,NÃO USADO no PCB atual,"[{""num"": ""1"", ""tipo"": ""thru_hole"", ""forma"": ""circle"", ""x"": 0.0, ""y"": 0.0, ""sx"": 2.4, ""sy"": 2.4, ""furo"": ""1.2"", ""rede"": """"}, {""num"": ""2"", ""tipo"": ""thru_hole"", ""forma"": ""oval"", ""x"": 7.62, ""y"": 0.0, ""sx"": 2.4, ""sy"": 2.4, ""furo"": ""1.2"", ""rede"": """"}]",4,3,4,geometria inventariada; MPN/datasheet/encaixe não aprovado,"Resistor, Axial_DIN0414 series, Axial, Vertical, pin pitch=7.62mm, 2W, length*diameter=11.9*4.5mm^2, http://www.vishay.com/docs/20128/wkxwrx.pdf"
library/Resistor_THT.pretty/R_Axial_DIN0516_L15.5mm_D5.0mm_P20.32mm_Horizontal.kicad_mod,NÃO USADO no PCB atual,"[{""num"": ""1"", ""tipo"": ""thru_hole"", ""forma"": ""circle"", ""x"": 0.0, ""y"": 0.0, ""sx"": 2.4, ""sy"": 2.4, ""furo"": ""1.2"", ""rede"": """"}, {""num"": ""2"", ""tipo"": ""thru_hole"", ""forma"": ""oval"", ""x"": 20.32, ""y"": 0.0, ""sx"": 2.4, ""sy"": 2.4, ""furo"": ""1.2"", ""rede"": """"}]",4,7,8,geometria inventariada; MPN/datasheet/encaixe não aprovado,"Resistor, Axial_DIN0516 series, Axial, Horizontal, pin pitch=20.32mm, 2W, length*diameter=15.5*5mm^2, http://cdn-reichelt.de/documents/datenblatt/B400/1_4W%23YAG.pdf"
library/Resistor_THT.pretty/R_Axial_DIN0516_L15.5mm_D5.0mm_P25.40mm_Horizontal.kicad_mod,NÃO USADO no PCB atual,"[{""num"": ""1"", ""tipo"": ""thru_hole"", ""forma"": ""circle"", ""x"": 0.0, ""y"": 0.0, ""sx"": 2.4, ""sy"": 2.4, ""furo"": ""1.2"", ""rede"": """"}, {""num"": ""2"", ""tipo"": ""thru_hole"", ""forma"": ""oval"", ""x"": 25.4, ""y"": 0.0, ""sx"": 2.4, ""sy"": 2.4, ""furo"": ""1.2"", ""rede"": """"}]",4,7,8,geometria inventariada; MPN/datasheet/encaixe não aprovado,"Resistor, Axial_DIN0516 series, Axial, Horizontal, pin pitch=25.4mm, 2W, length*diameter=15.5*5mm^2, http://cdn-reichelt.de/documents/datenblatt/B400/1_4W%23YAG.pdf"
library/Resistor_THT.pretty/R_Axial_DIN0516_L15.5mm_D5.0mm_P30.48mm_Horizontal.kicad_mod,NÃO USADO no PCB atual,"[{""num"": ""1"", ""tipo"": ""thru_hole"", ""forma"": ""circle"", ""x"": 0.0, ""y"": 0.0, ""sx"": 2.4, ""sy"": 2.4, ""furo"": ""1.2"", ""rede"": """"}, {""num"": ""2"", ""tipo"": ""thru_hole"", ""forma"": ""oval"", ""x"": 30.48, ""y"": 0.0, ""sx"": 2.4, ""sy"": 2.4, ""furo"": ""1.2"", ""rede"": """"}]",4,7,8,geometria inventariada; MPN/datasheet/encaixe não aprovado,"Resistor, Axial_DIN0516 series, Axial, Horizontal, pin pitch=30.48mm, 2W, length*diameter=15.5*5mm^2, http://cdn-reichelt.de/documents/datenblatt/B400/1_4W%23YAG.pdf"
library/Resistor_THT.pretty/R_Axial_DIN0516_L15.5mm_D5.0mm_P5.08mm_Vertical.kicad_mod,NÃO USADO no PCB atual,"[{""num"": ""1"", ""tipo"": ""thru_hole"", ""forma"": ""circle"", ""x"": 0.0, ""y"": 0.0, ""sx"": 2.4, ""sy"": 2.4, ""furo"": ""1.2"", ""rede"": """"}, {""num"": ""2"", ""tipo"": ""thru_hole"", ""forma"": ""oval"", ""x"": 5.08, ""y"": 0.0, ""sx"": 2.4, ""sy"": 2.4, ""furo"": ""1.2"", ""rede"": """"}]",4,3,4,geometria inventariada; MPN/datasheet/encaixe não aprovado,"Resistor, Axial_DIN0516 series, Axial, Vertical, pin pitch=5.08mm, 2W, length*diameter=15.5*5mm^2, http://cdn-reichelt.de/documents/datenblatt/B400/1_4W%23YAG.pdf"
library/Resistor_THT.pretty/R_Axial_DIN0516_L15.5mm_D5.0mm_P7.62mm_Vertical.kicad_mod,NÃO USADO no PCB atual,"[{""num"": ""1"", ""tipo"": ""thru_hole"", ""forma"": ""circle"", ""x"": 0.0, ""y"": 0.0, ""sx"": 2.4, ""sy"": 2.4, ""furo"": ""1.2"", ""rede"": """"}, {""num"": ""2"", ""tipo"": ""thru_hole"", ""forma"": ""oval"", ""x"": 7.62, ""y"": 0.0, ""sx"": 2.4, ""sy"": 2.4, ""furo"": ""1.2"", ""rede"": """"}]",4,3,4,geometria inventariada; MPN/datasheet/encaixe não aprovado,"Resistor, Axial_DIN0516 series, Axial, Vertical, pin pitch=7.62mm, 2W, length*diameter=15.5*5mm^2, http://cdn-reichelt.de/documents/datenblatt/B400/1_4W%23YAG.pdf"
library/Resistor_THT.pretty/R_Axial_DIN0614_L14.3mm_D5.7mm_P15.24mm_Horizontal.kicad_mod,NÃO USADO no PCB atual,"[{""num"": ""1"", ""tipo"": ""thru_hole"", ""forma"": ""circle"", ""x"": 0.0, ""y"": 0.0, ""sx"": 2.8, ""sy"": 2.8, ""furo"": ""1.4"", ""rede"": """"}, {""num"": ""2"", ""tipo"": ""thru_hole"", ""forma"": ""oval"", ""x"": 15.24, ""y"": 0.0, ""sx"": 2.8, ""sy"": 2.8, ""furo"": ""1.4"", ""rede"": """"}]",4,7,8,geometria inventariada; MPN/datasheet/encaixe não aprovado,"Resistor, Axial_DIN0614 series, Axial, Horizontal, pin pitch=15.24mm, 1.5W, length*diameter=14.3*5.7mm^2"
library/Resistor_THT.pretty/R_Axial_DIN0614_L14.3mm_D5.7mm_P20.32mm_Horizontal.kicad_mod,NÃO USADO no PCB atual,"[{""num"": ""1"", ""tipo"": ""thru_hole"", ""forma"": ""circle"", ""x"": 0.0, ""y"": 0.0, ""sx"": 2.8, ""sy"": 2.8, ""furo"": ""1.4"", ""rede"": """"}, {""num"": ""2"", ""tipo"": ""thru_hole"", ""forma"": ""oval"", ""x"": 20.32, ""y"": 0.0, ""sx"": 2.8, ""sy"": 2.8, ""furo"": ""1.4"", ""rede"": """"}]",4,7,8,geometria inventariada; MPN/datasheet/encaixe não aprovado,"Resistor, Axial_DIN0614 series, Axial, Horizontal, pin pitch=20.32mm, 1.5W, length*diameter=14.3*5.7mm^2"
library/Resistor_THT.pretty/R_Axial_DIN0614_L14.3mm_D5.7mm_P25.40mm_Horizontal.kicad_mod,NÃO USADO no PCB atual,"[{""num"": ""1"", ""tipo"": ""thru_hole"", ""forma"": ""circle"", ""x"": 0.0, ""y"": 0.0, ""sx"": 2.8, ""sy"": 2.8, ""furo"": ""1.4"", ""rede"": """"}, {""num"": ""2"", ""tipo"": ""thru_hole"", ""forma"": ""oval"", ""x"": 25.4, ""y"": 0.0, ""sx"": 2.8, ""sy"": 2.8, ""furo"": ""1.4"", ""rede"": """"}]",4,7,8,geometria inventariada; MPN/datasheet/encaixe não aprovado,"Resistor, Axial_DIN0614 series, Axial, Horizontal, pin pitch=25.4mm, 1.5W, length*diameter=14.3*5.7mm^2"
library/Resistor_THT.pretty/R_Axial_DIN0614_L14.3mm_D5.7mm_P5.08mm_Vertical.kicad_mod,NÃO USADO no PCB atual,"[{""num"": ""1"", ""tipo"": ""thru_hole"", ""forma"": ""circle"", ""x"": 0.0, ""y"": 0.0, ""sx"": 2.8, ""sy"": 2.8, ""furo"": ""1.4"", ""rede"": """"}, {""num"": ""2"", ""tipo"": ""thru_hole"", ""forma"": ""oval"", ""x"": 5.08, ""y"": 0.0, ""sx"": 2.8, ""sy"": 2.8, ""furo"": ""1.4"", ""rede"": """"}]",4,3,4,geometria inventariada; MPN/datasheet/encaixe não aprovado,"Resistor, Axial_DIN0614 series, Axial, Vertical, pin pitch=5.08mm, 1.5W, length*diameter=14.3*5.7mm^2"
library/Resistor_THT.pretty/R_Axial_DIN0614_L14.3mm_D5.7mm_P7.62mm_Vertical.kicad_mod,NÃO USADO no PCB atual,"[{""num"": ""1"", ""tipo"": ""thru_hole"", ""forma"": ""circle"", ""x"": 0.0, ""y"": 0.0, ""sx"": 2.8, ""sy"": 2.8, ""furo"": ""1.4"", ""rede"": """"}, {""num"": ""2"", ""tipo"": ""thru_hole"", ""forma"": ""oval"", ""x"": 7.62, ""y"": 0.0, ""sx"": 2.8, ""sy"": 2.8, ""furo"": ""1.4"", ""rede"": """"}]",4,3,4,geometria inventariada; MPN/datasheet/encaixe não aprovado,"Resistor, Axial_DIN0614 series, Axial, Vertical, pin pitch=7.62mm, 1.5W, length*diameter=14.3*5.7mm^2"
library/Resistor_THT.pretty/R_Axial_DIN0617_L17.0mm_D6.0mm_P20.32mm_Horizontal.kicad_mod,NÃO USADO no PCB atual,"[{""num"": ""1"", ""tipo"": ""thru_hole"", ""forma"": ""circle"", ""x"": 0.0, ""y"": 0.0, ""sx"": 2.4, ""sy"": 2.4, ""furo"": ""1.2"", ""rede"": """"}, {""num"": ""2"", ""tipo"": ""thru_hole"", ""forma"": ""oval"", ""x"": 20.32, ""y"": 0.0, ""sx"": 2.4, ""sy"": 2.4, ""furo"": ""1.2"", ""rede"": """"}]",4,7,8,geometria inventariada; MPN/datasheet/encaixe não aprovado,"Resistor, Axial_DIN0617 series, Axial, Horizontal, pin pitch=20.32mm, 2W, length*diameter=17*6mm^2, http://www.vishay.com/docs/20128/wkxwrx.pdf"
library/Resistor_THT.pretty/R_Axial_DIN0617_L17.0mm_D6.0mm_P25.40mm_Horizontal.kicad_mod,NÃO USADO no PCB atual,"[{""num"": ""1"", ""tipo"": ""thru_hole"", ""forma"": ""circle"", ""x"": 0.0, ""y"": 0.0, ""sx"": 2.4, ""sy"": 2.4, ""furo"": ""1.2"", ""rede"": """"}, {""num"": ""2"", ""tipo"": ""thru_hole"", ""forma"": ""oval"", ""x"": 25.4, ""y"": 0.0, ""sx"": 2.4, ""sy"": 2.4, ""furo"": ""1.2"", ""rede"": """"}]",4,7,8,geometria inventariada; MPN/datasheet/encaixe não aprovado,"Resistor, Axial_DIN0617 series, Axial, Horizontal, pin pitch=25.4mm, 2W, length*diameter=17*6mm^2, http://www.vishay.com/docs/20128/wkxwrx.pdf"
library/Resistor_THT.pretty/R_Axial_DIN0617_L17.0mm_D6.0mm_P30.48mm_Horizontal.kicad_mod,NÃO USADO no PCB atual,"[{""num"": ""1"", ""tipo"": ""thru_hole"", ""forma"": ""circle"", ""x"": 0.0, ""y"": 0.0, ""sx"": 2.4, ""sy"": 2.4, ""furo"": ""1.2"", ""rede"": """"}, {""num"": ""2"", ""tipo"": ""thru_hole"", ""forma"": ""oval"", ""x"": 30.48, ""y"": 0.0, ""sx"": 2.4, ""sy"": 2.4, ""furo"": ""1.2"", ""rede"": """"}]",4,7,8,geometria inventariada; MPN/datasheet/encaixe não aprovado,"Resistor, Axial_DIN0617 series, Axial, Horizontal, pin pitch=30.48mm, 2W, length*diameter=17*6mm^2, http://www.vishay.com/docs/20128/wkxwrx.pdf"
library/Resistor_THT.pretty/R_Axial_DIN0617_L17.0mm_D6.0mm_P5.08mm_Vertical.kicad_mod,NÃO USADO no PCB atual,"[{""num"": ""1"", ""tipo"": ""thru_hole"", ""forma"": ""circle"", ""x"": 0.0, ""y"": 0.0, ""sx"": 2.4, ""sy"": 2.4, ""furo"": ""1.2"", ""rede"": """"}, {""num"": ""2"", ""tipo"": ""thru_hole"", ""forma"": ""oval"", ""x"": 5.08, ""y"": 0.0, ""sx"": 2.4, ""sy"": 2.4, ""furo"": ""1.2"", ""rede"": """"}]",4,3,4,geometria inventariada; MPN/datasheet/encaixe não aprovado,"Resistor, Axial_DIN0617 series, Axial, Vertical, pin pitch=5.08mm, 2W, length*diameter=17*6mm^2, http://www.vishay.com/docs/20128/wkxwrx.pdf"
library/Resistor_THT.pretty/R_Axial_DIN0617_L17.0mm_D6.0mm_P7.62mm_Vertical.kicad_mod,NÃO USADO no PCB atual,"[{""num"": ""1"", ""tipo"": ""thru_hole"", ""forma"": ""circle"", ""x"": 0.0, ""y"": 0.0, ""sx"": 2.4, ""sy"": 2.4, ""furo"": ""1.2"", ""rede"": """"}, {""num"": ""2"", ""tipo"": ""thru_hole"", ""forma"": ""oval"", ""x"": 7.62, ""y"": 0.0, ""sx"": 2.4, ""sy"": 2.4, ""furo"": ""1.2"", ""rede"": """"}]",4,3,4,geometria inventariada; MPN/datasheet/encaixe não aprovado,"Resistor, Axial_DIN0617 series, Axial, Vertical, pin pitch=7.62mm, 2W, length*diameter=17*6mm^2, http://www.vishay.com/docs/20128/wkxwrx.pdf"
library/Resistor_THT.pretty/R_Axial_DIN0918_L18.0mm_D9.0mm_P22.86mm_Horizontal.kicad_mod,NÃO USADO no PCB atual,"[{""num"": ""1"", ""tipo"": ""thru_hole"", ""forma"": ""circle"", ""x"": 0.0, ""y"": 0.0, ""sx"": 2.4, ""sy"": 2.4, ""furo"": ""1.2"", ""rede"": """"}, {""num"": ""2"", ""tipo"": ""thru_hole"", ""forma"": ""oval"", ""x"": 22.86, ""y"": 0.0, ""sx"": 2.4, ""sy"": 2.4, ""furo"": ""1.2"", ""rede"": """"}]",4,7,8,geometria inventariada; MPN/datasheet/encaixe não aprovado,"Resistor, Axial_DIN0918 series, Axial, Horizontal, pin pitch=22.86mm, 4W, length*diameter=18*9mm^2"
library/Resistor_THT.pretty/R_Axial_DIN0918_L18.0mm_D9.0mm_P25.40mm_Horizontal.kicad_mod,NÃO USADO no PCB atual,"[{""num"": ""1"", ""tipo"": ""thru_hole"", ""forma"": ""circle"", ""x"": 0.0, ""y"": 0.0, ""sx"": 2.4, ""sy"": 2.4, ""furo"": ""1.2"", ""rede"": """"}, {""num"": ""2"", ""tipo"": ""thru_hole"", ""forma"": ""oval"", ""x"": 25.4, ""y"": 0.0, ""sx"": 2.4, ""sy"": 2.4, ""furo"": ""1.2"", ""rede"": """"}]",4,7,8,geometria inventariada; MPN/datasheet/encaixe não aprovado,"Resistor, Axial_DIN0918 series, Axial, Horizontal, pin pitch=25.4mm, 4W, length*diameter=18*9mm^2"
library/Resistor_THT.pretty/R_Axial_DIN0918_L18.0mm_D9.0mm_P30.48mm_Horizontal.kicad_mod,NÃO USADO no PCB atual,"[{""num"": ""1"", ""tipo"": ""thru_hole"", ""forma"": ""circle"", ""x"": 0.0, ""y"": 0.0, ""sx"": 2.4, ""sy"": 2.4, ""furo"": ""1.2"", ""rede"": """"}, {""num"": ""2"", ""tipo"": ""thru_hole"", ""forma"": ""oval"", ""x"": 30.48, ""y"": 0.0, ""sx"": 2.4, ""sy"": 2.4, ""furo"": ""1.2"", ""rede"": """"}]",4,7,8,geometria inventariada; MPN/datasheet/encaixe não aprovado,"Resistor, Axial_DIN0918 series, Axial, Horizontal, pin pitch=30.48mm, 4W, length*diameter=18*9mm^2"
library/Resistor_THT.pretty/R_Axial_DIN0918_L18.0mm_D9.0mm_P7.62mm_Vertical.kicad_mod,NÃO USADO no PCB atual,"[{""num"": ""1"", ""tipo"": ""thru_hole"", ""forma"": ""circle"", ""x"": 0.0, ""y"": 0.0, ""sx"": 2.4, ""sy"": 2.4, ""furo"": ""1.2"", ""rede"": """"}, {""num"": ""2"", ""tipo"": ""thru_hole"", ""forma"": ""oval"", ""x"": 7.62, ""y"": 0.0, ""sx"": 2.4, ""sy"": 2.4, ""furo"": ""1.2"", ""rede"": """"}]",4,3,4,geometria inventariada; MPN/datasheet/encaixe não aprovado,"Resistor, Axial_DIN0918 series, Axial, Vertical, pin pitch=7.62mm, 4W, length*diameter=18*9mm^2"
library/Resistor_THT.pretty/R_Axial_DIN0922_L20.0mm_D9.0mm_P25.40mm_Horizontal.kicad_mod,NÃO USADO no PCB atual,"[{""num"": ""1"", ""tipo"": ""thru_hole"", ""forma"": ""circle"", ""x"": 0.0, ""y"": 0.0, ""sx"": 2.4, ""sy"": 2.4, ""furo"": ""1.2"", ""rede"": """"}, {""num"": ""2"", ""tipo"": ""thru_hole"", ""forma"": ""oval"", ""x"": 25.4, ""y"": 0.0, ""sx"": 2.4, ""sy"": 2.4, ""furo"": ""1.2"", ""rede"": """"}]",4,7,8,geometria inventariada; MPN/datasheet/encaixe não aprovado,"Resistor, Axial_DIN0922 series, Axial, Horizontal, pin pitch=25.4mm, 5W, length*diameter=20*9mm^2, http://www.vishay.com/docs/20128/wkxwrx.pdf"
library/Resistor_THT.pretty/R_Axial_DIN0922_L20.0mm_D9.0mm_P30.48mm_Horizontal.kicad_mod,NÃO USADO no PCB atual,"[{""num"": ""1"", ""tipo"": ""thru_hole"", ""forma"": ""circle"", ""x"": 0.0, ""y"": 0.0, ""sx"": 2.4, ""sy"": 2.4, ""furo"": ""1.2"", ""rede"": """"}, {""num"": ""2"", ""tipo"": ""thru_hole"", ""forma"": ""oval"", ""x"": 30.48, ""y"": 0.0, ""sx"": 2.4, ""sy"": 2.4, ""furo"": ""1.2"", ""rede"": """"}]",4,7,8,geometria inventariada; MPN/datasheet/encaixe não aprovado,"Resistor, Axial_DIN0922 series, Axial, Horizontal, pin pitch=30.48mm, 5W, length*diameter=20*9mm^2, http://www.vishay.com/docs/20128/wkxwrx.pdf"
library/Resistor_THT.pretty/R_Axial_DIN0922_L20.0mm_D9.0mm_P7.62mm_Vertical.kicad_mod,NÃO USADO no PCB atual,"[{""num"": ""1"", ""tipo"": ""thru_hole"", ""forma"": ""circle"", ""x"": 0.0, ""y"": 0.0, ""sx"": 2.4, ""sy"": 2.4, ""furo"": ""1.2"", ""rede"": """"}, {""num"": ""2"", ""tipo"": ""thru_hole"", ""forma"": ""oval"", ""x"": 7.62, ""y"": 0.0, ""sx"": 2.4, ""sy"": 2.4, ""furo"": ""1.2"", ""rede"": """"}]",4,3,4,geometria inventariada; MPN/datasheet/encaixe não aprovado,"Resistor, Axial_DIN0922 series, Axial, Vertical, pin pitch=7.62mm, 5W, length*diameter=20*9mm^2, http://www.vishay.com/docs/20128/wkxwrx.pdf"
library/Resistor_THT.pretty/R_Axial_Power_L20.0mm_W6.4mm_P22.40mm.kicad_mod,NÃO USADO no PCB atual,"[{""num"": ""1"", ""tipo"": ""thru_hole"", ""forma"": ""circle"", ""x"": 0.0, ""y"": 0.0, ""sx"": 2.4, ""sy"": 2.4, ""furo"": ""1.2"", ""rede"": """"}, {""num"": ""2"", ""tipo"": ""thru_hole"", ""forma"": ""oval"", ""x"": 22.4, ""y"": 0.0, ""sx"": 2.4, ""sy"": 2.4, ""furo"": ""1.2"", ""rede"": """"}]",4,7,8,geometria inventariada; MPN/datasheet/encaixe não aprovado,"Resistor, Axial_Power series, Box, pin pitch=22.4mm, 4W, length*width*height=20*6.4*6.4mm^3, http://cdn-reichelt.de/documents/datenblatt/B400/5WAXIAL_9WAXIAL_11WAXIAL_17WAXIAL%23YAG.pdf"
library/Resistor_THT.pretty/R_Axial_Power_L20.0mm_W6.4mm_P25.40mm.kicad_mod,NÃO USADO no PCB atual,"[{""num"": ""1"", ""tipo"": ""thru_hole"", ""forma"": ""circle"", ""x"": 0.0, ""y"": 0.0, ""sx"": 2.4, ""sy"": 2.4, ""furo"": ""1.2"", ""rede"": """"}, {""num"": ""2"", ""tipo"": ""thru_hole"", ""forma"": ""oval"", ""x"": 25.4, ""y"": 0.0, ""sx"": 2.4, ""sy"": 2.4, ""furo"": ""1.2"", ""rede"": """"}]",4,7,8,geometria inventariada; MPN/datasheet/encaixe não aprovado,"Resistor, Axial_Power series, Box, pin pitch=25.4mm, 4W, length*width*height=20*6.4*6.4mm^3, http://cdn-reichelt.de/documents/datenblatt/B400/5WAXIAL_9WAXIAL_11WAXIAL_17WAXIAL%23YAG.pdf"
library/Resistor_THT.pretty/R_Axial_Power_L20.0mm_W6.4mm_P30.48mm.kicad_mod,NÃO USADO no PCB atual,"[{""num"": ""1"", ""tipo"": ""thru_hole"", ""forma"": ""circle"", ""x"": 0.0, ""y"": 0.0, ""sx"": 2.4, ""sy"": 2.4, ""furo"": ""1.2"", ""rede"": """"}, {""num"": ""2"", ""tipo"": ""thru_hole"", ""forma"": ""oval"", ""x"": 30.48, ""y"": 0.0, ""sx"": 2.4, ""sy"": 2.4, ""furo"": ""1.2"", ""rede"": """"}]",4,7,8,geometria inventariada; MPN/datasheet/encaixe não aprovado,"Resistor, Axial_Power series, Box, pin pitch=30.48mm, 4W, length*width*height=20*6.4*6.4mm^3, http://cdn-reichelt.de/documents/datenblatt/B400/5WAXIAL_9WAXIAL_11WAXIAL_17WAXIAL%23YAG.pdf"
library/Resistor_THT.pretty/R_Axial_Power_L20.0mm_W6.4mm_P5.08mm_Vertical.kicad_mod,NÃO USADO no PCB atual,"[{""num"": ""1"", ""tipo"": ""thru_hole"", ""forma"": ""circle"", ""x"": 0.0, ""y"": 0.0, ""sx"": 2.4, ""sy"": 2.4, ""furo"": ""1.2"", ""rede"": """"}, {""num"": ""2"", ""tipo"": ""thru_hole"", ""forma"": ""oval"", ""x"": 5.08, ""y"": 0.0, ""sx"": 2.4, ""sy"": 2.4, ""furo"": ""1.2"", ""rede"": """"}]",4,6,7,geometria inventariada; MPN/datasheet/encaixe não aprovado,"Resistor, Axial_Power series, Axial, Vertical, pin pitch=5.08mm, 4W, length*width*height=20*6.4*6.4mm^3, http://cdn-reichelt.de/documents/datenblatt/B400/5WAXIAL_9WAXIAL_11WAXIAL_17WAXIAL%23YAG.pdf"
library/Resistor_THT.pretty/R_Axial_Power_L20.0mm_W6.4mm_P7.62mm_Vertical.kicad_mod,NÃO USADO no PCB atual,"[{""num"": ""1"", ""tipo"": ""thru_hole"", ""forma"": ""circle"", ""x"": 0.0, ""y"": 0.0, ""sx"": 2.4, ""sy"": 2.4, ""furo"": ""1.2"", ""rede"": """"}, {""num"": ""2"", ""tipo"": ""thru_hole"", ""forma"": ""oval"", ""x"": 7.62, ""y"": 0.0, ""sx"": 2.4, ""sy"": 2.4, ""furo"": ""1.2"", ""rede"": """"}]",4,6,7,geometria inventariada; MPN/datasheet/encaixe não aprovado,"Resistor, Axial_Power series, Axial, Vertical, pin pitch=7.62mm, 4W, length*width*height=20*6.4*6.4mm^3, http://cdn-reichelt.de/documents/datenblatt/B400/5WAXIAL_9WAXIAL_11WAXIAL_17WAXIAL%23YAG.pdf"
library/Resistor_THT.pretty/R_Axial_Power_L25.0mm_W6.4mm_P27.94mm.kicad_mod,NÃO USADO no PCB atual,"[{""num"": ""1"", ""tipo"": ""thru_hole"", ""forma"": ""circle"", ""x"": 0.0, ""y"": 0.0, ""sx"": 2.4, ""sy"": 2.4, ""furo"": ""1.2"", ""rede"": """"}, {""num"": ""2"", ""tipo"": ""thru_hole"", ""forma"": ""oval"", ""x"": 27.94, ""y"": 0.0, ""sx"": 2.4, ""sy"": 2.4, ""furo"": ""1.2"", ""rede"": """"}]",4,7,8,geometria inventariada; MPN/datasheet/encaixe não aprovado,"Resistor, Axial_Power series, Box, pin pitch=27.94mm, 5W, length*width*height=25*6.4*6.4mm^3, http://cdn-reichelt.de/documents/datenblatt/B400/5WAXIAL_9WAXIAL_11WAXIAL_17WAXIAL%23YAG.pdf"
library/Resistor_THT.pretty/R_Axial_Power_L25.0mm_W6.4mm_P30.48mm.kicad_mod,NÃO USADO no PCB atual,"[{""num"": ""1"", ""tipo"": ""thru_hole"", ""forma"": ""circle"", ""x"": 0.0, ""y"": 0.0, ""sx"": 2.4, ""sy"": 2.4, ""furo"": ""1.2"", ""rede"": """"}, {""num"": ""2"", ""tipo"": ""thru_hole"", ""forma"": ""oval"", ""x"": 30.48, ""y"": 0.0, ""sx"": 2.4, ""sy"": 2.4, ""furo"": ""1.2"", ""rede"": """"}]",4,7,8,geometria inventariada; MPN/datasheet/encaixe não aprovado,"Resistor, Axial_Power series, Box, pin pitch=30.48mm, 5W, length*width*height=25*6.4*6.4mm^3, http://cdn-reichelt.de/documents/datenblatt/B400/5WAXIAL_9WAXIAL_11WAXIAL_17WAXIAL%23YAG.pdf"
library/Resistor_THT.pretty/R_Axial_Power_L25.0mm_W9.0mm_P10.16mm_Vertical.kicad_mod,NÃO USADO no PCB atual,"[{""num"": ""1"", ""tipo"": ""thru_hole"", ""forma"": ""circle"", ""x"": 0.0, ""y"": 0.0, ""sx"": 2.4, ""sy"": 2.4, ""furo"": ""1.2"", ""rede"": """"}, {""num"": ""2"", ""tipo"": ""thru_hole"", ""forma"": ""oval"", ""x"": 10.16, ""y"": 0.0, ""sx"": 2.4, ""sy"": 2.4, ""furo"": ""1.2"", ""rede"": """"}]",4,6,7,geometria inventariada; MPN/datasheet/encaixe não aprovado,"Resistor, Axial_Power series, Axial, Vertical, pin pitch=10.16mm, 7W, length*width*height=25*9*9mm^3, http://cdn-reichelt.de/documents/datenblatt/B400/5WAXIAL_9WAXIAL_11WAXIAL_17WAXIAL%23YAG.pdf"
library/Resistor_THT.pretty/R_Axial_Power_L25.0mm_W9.0mm_P27.94mm.kicad_mod,NÃO USADO no PCB atual,"[{""num"": ""1"", ""tipo"": ""thru_hole"", ""forma"": ""circle"", ""x"": 0.0, ""y"": 0.0, ""sx"": 2.4, ""sy"": 2.4, ""furo"": ""1.2"", ""rede"": """"}, {""num"": ""2"", ""tipo"": ""thru_hole"", ""forma"": ""oval"", ""x"": 27.94, ""y"": 0.0, ""sx"": 2.4, ""sy"": 2.4, ""furo"": ""1.2"", ""rede"": """"}]",4,7,8,geometria inventariada; MPN/datasheet/encaixe não aprovado,"Resistor, Axial_Power series, Box, pin pitch=27.94mm, 7W, length*width*height=25*9*9mm^3, http://cdn-reichelt.de/documents/datenblatt/B400/5WAXIAL_9WAXIAL_11WAXIAL_17WAXIAL%23YAG.pdf"
library/Resistor_THT.pretty/R_Axial_Power_L25.0mm_W9.0mm_P30.48mm.kicad_mod,NÃO USADO no PCB atual,"[{""num"": ""1"", ""tipo"": ""thru_hole"", ""forma"": ""circle"", ""x"": 0.0, ""y"": 0.0, ""sx"": 2.4, ""sy"": 2.4, ""furo"": ""1.2"", ""rede"": """"}, {""num"": ""2"", ""tipo"": ""thru_hole"", ""forma"": ""oval"", ""x"": 30.48, ""y"": 0.0, ""sx"": 2.4, ""sy"": 2.4, ""furo"": ""1.2"", ""rede"": """"}]",4,7,8,geometria inventariada; MPN/datasheet/encaixe não aprovado,"Resistor, Axial_Power series, Box, pin pitch=30.48mm, 7W, length*width*height=25*9*9mm^3, http://cdn-reichelt.de/documents/datenblatt/B400/5WAXIAL_9WAXIAL_11WAXIAL_17WAXIAL%23YAG.pdf"
library/Resistor_THT.pretty/R_Axial_Power_L25.0mm_W9.0mm_P7.62mm_Vertical.kicad_mod,NÃO USADO no PCB atual,"[{""num"": ""1"", ""tipo"": ""thru_hole"", ""forma"": ""circle"", ""x"": 0.0, ""y"": 0.0, ""sx"": 2.4, ""sy"": 2.4, ""furo"": ""1.2"", ""rede"": """"}, {""num"": ""2"", ""tipo"": ""thru_hole"", ""forma"": ""oval"", ""x"": 7.62, ""y"": 0.0, ""sx"": 2.4, ""sy"": 2.4, ""furo"": ""1.2"", ""rede"": """"}]",4,6,7,geometria inventariada; MPN/datasheet/encaixe não aprovado,"Resistor, Axial_Power series, Axial, Vertical, pin pitch=7.62mm, 7W, length*width*height=25*9*9mm^3, http://cdn-reichelt.de/documents/datenblatt/B400/5WAXIAL_9WAXIAL_11WAXIAL_17WAXIAL%23YAG.pdf"
library/Resistor_THT.pretty/R_Axial_Power_L38.0mm_W6.4mm_P40.64mm.kicad_mod,NÃO USADO no PCB atual,"[{""num"": ""1"", ""tipo"": ""thru_hole"", ""forma"": ""circle"", ""x"": 0.0, ""y"": 0.0, ""sx"": 2.4, ""sy"": 2.4, ""furo"": ""1.2"", ""rede"": """"}, {""num"": ""2"", ""tipo"": ""thru_hole"", ""forma"": ""oval"", ""x"": 40.64, ""y"": 0.0, ""sx"": 2.4, ""sy"": 2.4, ""furo"": ""1.2"", ""rede"": """"}]",4,7,8,geometria inventariada; MPN/datasheet/encaixe não aprovado,"Resistor, Axial_Power series, Box, pin pitch=40.64mm, 7W, length*width*height=38*6.4*6.4mm^3, http://cdn-reichelt.de/documents/datenblatt/B400/5WAXIAL_9WAXIAL_11WAXIAL_17WAXIAL%23YAG.pdf"
library/Resistor_THT.pretty/R_Axial_Power_L38.0mm_W6.4mm_P45.72mm.kicad_mod,NÃO USADO no PCB atual,"[{""num"": ""1"", ""tipo"": ""thru_hole"", ""forma"": ""circle"", ""x"": 0.0, ""y"": 0.0, ""sx"": 2.4, ""sy"": 2.4, ""furo"": ""1.2"", ""rede"": """"}, {""num"": ""2"", ""tipo"": ""thru_hole"", ""forma"": ""oval"", ""x"": 45.72, ""y"": 0.0, ""sx"": 2.4, ""sy"": 2.4, ""furo"": ""1.2"", ""rede"": """"}]",4,7,8,geometria inventariada; MPN/datasheet/encaixe não aprovado,"Resistor, Axial_Power series, Box, pin pitch=45.72mm, 7W, length*width*height=38*6.4*6.4mm^3, http://cdn-reichelt.de/documents/datenblatt/B400/5WAXIAL_9WAXIAL_11WAXIAL_17WAXIAL%23YAG.pdf"
library/Resistor_THT.pretty/R_Axial_Power_L38.0mm_W9.0mm_P40.64mm.kicad_mod,NÃO USADO no PCB atual,"[{""num"": ""1"", ""tipo"": ""thru_hole"", ""forma"": ""circle"", ""x"": 0.0, ""y"": 0.0, ""sx"": 2.4, ""sy"": 2.4, ""furo"": ""1.2"", ""rede"": """"}, {""num"": ""2"", ""tipo"": ""thru_hole"", ""forma"": ""oval"", ""x"": 40.64, ""y"": 0.0, ""sx"": 2.4, ""sy"": 2.4, ""furo"": ""1.2"", ""rede"": """"}]",4,7,8,geometria inventariada; MPN/datasheet/encaixe não aprovado,"Resistor, Axial_Power series, Box, pin pitch=40.64mm, 9W, length*width*height=38*9*9mm^3, http://cdn-reichelt.de/documents/datenblatt/B400/5WAXIAL_9WAXIAL_11WAXIAL_17WAXIAL%23YAG.pdf"
library/Resistor_THT.pretty/R_Axial_Power_L38.0mm_W9.0mm_P45.72mm.kicad_mod,NÃO USADO no PCB atual,"[{""num"": ""1"", ""tipo"": ""thru_hole"", ""forma"": ""circle"", ""x"": 0.0, ""y"": 0.0, ""sx"": 2.4, ""sy"": 2.4, ""furo"": ""1.2"", ""rede"": """"}, {""num"": ""2"", ""tipo"": ""thru_hole"", ""forma"": ""oval"", ""x"": 45.72, ""y"": 0.0, ""sx"": 2.4, ""sy"": 2.4, ""furo"": ""1.2"", ""rede"": """"}]",4,7,8,geometria inventariada; MPN/datasheet/encaixe não aprovado,"Resistor, Axial_Power series, Box, pin pitch=45.72mm, 9W, length*width*height=38*9*9mm^3, http://cdn-reichelt.de/documents/datenblatt/B400/5WAXIAL_9WAXIAL_11WAXIAL_17WAXIAL%23YAG.pdf"
library/Resistor_THT.pretty/R_Axial_Power_L48.0mm_W12.5mm_P10.16mm_Vertical.kicad_mod,NÃO USADO no PCB atual,"[{""num"": ""1"", ""tipo"": ""thru_hole"", ""forma"": ""circle"", ""x"": 0.0, ""y"": 0.0, ""sx"": 2.4, ""sy"": 2.4, ""furo"": ""1.2"", ""rede"": """"}, {""num"": ""2"", ""tipo"": ""thru_hole"", ""forma"": ""oval"", ""x"": 10.16, ""y"": 0.0, ""sx"": 2.4, ""sy"": 2.4, ""furo"": ""1.2"", ""rede"": """"}]",4,6,7,geometria inventariada; MPN/datasheet/encaixe não aprovado,"Resistor, Axial_Power series, Axial, Vertical, pin pitch=10.16mm, 15W, length*width*height=48*12.5*12.5mm^3, http://cdn-reichelt.de/documents/datenblatt/B400/5WAXIAL_9WAXIAL_11WAXIAL_17WAXIAL%23YAG.pdf"
library/Resistor_THT.pretty/R_Axial_Power_L48.0mm_W12.5mm_P55.88mm.kicad_mod,NÃO USADO no PCB atual,"[{""num"": ""1"", ""tipo"": ""thru_hole"", ""forma"": ""circle"", ""x"": 0.0, ""y"": 0.0, ""sx"": 2.4, ""sy"": 2.4, ""furo"": ""1.2"", ""rede"": """"}, {""num"": ""2"", ""tipo"": ""thru_hole"", ""forma"": ""oval"", ""x"": 55.88, ""y"": 0.0, ""sx"": 2.4, ""sy"": 2.4, ""furo"": ""1.2"", ""rede"": """"}]",4,7,8,geometria inventariada; MPN/datasheet/encaixe não aprovado,"Resistor, Axial_Power series, Box, pin pitch=55.88mm, 15W, length*width*height=48*12.5*12.5mm^3, http://cdn-reichelt.de/documents/datenblatt/B400/5WAXIAL_9WAXIAL_11WAXIAL_17WAXIAL%23YAG.pdf"
library/Resistor_THT.pretty/R_Axial_Power_L48.0mm_W12.5mm_P60.96mm.kicad_mod,NÃO USADO no PCB atual,"[{""num"": ""1"", ""tipo"": ""thru_hole"", ""forma"": ""circle"", ""x"": 0.0, ""y"": 0.0, ""sx"": 2.4, ""sy"": 2.4, ""furo"": ""1.2"", ""rede"": """"}, {""num"": ""2"", ""tipo"": ""thru_hole"", ""forma"": ""oval"", ""x"": 60.96, ""y"": 0.0, ""sx"": 2.4, ""sy"": 2.4, ""furo"": ""1.2"", ""rede"": """"}]",4,7,8,geometria inventariada; MPN/datasheet/encaixe não aprovado,"Resistor, Axial_Power series, Box, pin pitch=60.96mm, 15W, length*width*height=48*12.5*12.5mm^3, http://cdn-reichelt.de/documents/datenblatt/B400/5WAXIAL_9WAXIAL_11WAXIAL_17WAXIAL%23YAG.pdf"
library/Resistor_THT.pretty/R_Axial_Power_L48.0mm_W12.5mm_P7.62mm_Vertical.kicad_mod,NÃO USADO no PCB atual,"[{""num"": ""1"", ""tipo"": ""thru_hole"", ""forma"": ""circle"", ""x"": 0.0, ""y"": 0.0, ""sx"": 2.4, ""sy"": 2.4, ""furo"": ""1.2"", ""rede"": """"}, {""num"": ""2"", ""tipo"": ""thru_hole"", ""forma"": ""oval"", ""x"": 7.62, ""y"": 0.0, ""sx"": 2.4, ""sy"": 2.4, ""furo"": ""1.2"", ""rede"": """"}]",4,5,7,geometria inventariada; MPN/datasheet/encaixe não aprovado,"Resistor, Axial_Power series, Axial, Vertical, pin pitch=7.62mm, 15W, length*width*height=48*12.5*12.5mm^3, http://cdn-reichelt.de/documents/datenblatt/B400/5WAXIAL_9WAXIAL_11WAXIAL_17WAXIAL%23YAG.pdf"
library/Resistor_THT.pretty/R_Axial_Power_L50.0mm_W9.0mm_P55.88mm.kicad_mod,NÃO USADO no PCB atual,"[{""num"": ""1"", ""tipo"": ""thru_hole"", ""forma"": ""circle"", ""x"": 0.0, ""y"": 0.0, ""sx"": 2.4, ""sy"": 2.4, ""furo"": ""1.2"", ""rede"": """"}, {""num"": ""2"", ""tipo"": ""thru_hole"", ""forma"": ""oval"", ""x"": 55.88, ""y"": 0.0, ""sx"": 2.4, ""sy"": 2.4, ""furo"": ""1.2"", ""rede"": """"}]",4,7,8,geometria inventariada; MPN/datasheet/encaixe não aprovado,"Resistor, Axial_Power series, Box, pin pitch=55.88mm, 11W, length*width*height=50*9*9mm^3, http://cdn-reichelt.de/documents/datenblatt/B400/5WAXIAL_9WAXIAL_11WAXIAL_17WAXIAL%23YAG.pdf"
library/Resistor_THT.pretty/R_Axial_Power_L50.0mm_W9.0mm_P60.96mm.kicad_mod,NÃO USADO no PCB atual,"[{""num"": ""1"", ""tipo"": ""thru_hole"", ""forma"": ""circle"", ""x"": 0.0, ""y"": 0.0, ""sx"": 2.4, ""sy"": 2.4, ""furo"": ""1.2"", ""rede"": """"}, {""num"": ""2"", ""tipo"": ""thru_hole"", ""forma"": ""oval"", ""x"": 60.96, ""y"": 0.0, ""sx"": 2.4, ""sy"": 2.4, ""furo"": ""1.2"", ""rede"": """"}]",4,7,8,geometria inventariada; MPN/datasheet/encaixe não aprovado,"Resistor, Axial_Power series, Box, pin pitch=60.96mm, 11W, length*width*height=50*9*9mm^3, http://cdn-reichelt.de/documents/datenblatt/B400/5WAXIAL_9WAXIAL_11WAXIAL_17WAXIAL%23YAG.pdf"
library/Resistor_THT.pretty/R_Axial_Power_L60.0mm_W14.0mm_P10.16mm_Vertical.kicad_mod,NÃO USADO no PCB atual,"[{""num"": ""1"", ""tipo"": ""thru_hole"", ""forma"": ""circle"", ""x"": 0.0, ""y"": 0.0, ""sx"": 2.4, ""sy"": 2.4, ""furo"": ""1.2"", ""rede"": """"}, {""num"": ""2"", ""tipo"": ""thru_hole"", ""forma"": ""oval"", ""x"": 10.16, ""y"": 0.0, ""sx"": 2.4, ""sy"": 2.4, ""furo"": ""1.2"", ""rede"": """"}]",4,6,7,geometria inventariada; MPN/datasheet/encaixe não aprovado,"Resistor, Axial_Power series, Axial, Vertical, pin pitch=10.16mm, 25W, length*width*height=60*14*14mm^3, http://cdn-reichelt.de/documents/datenblatt/B400/5WAXIAL_9WAXIAL_11WAXIAL_17WAXIAL%23YAG.pdf"
library/Resistor_THT.pretty/R_Axial_Power_L60.0mm_W14.0mm_P66.04mm.kicad_mod,NÃO USADO no PCB atual,"[{""num"": ""1"", ""tipo"": ""thru_hole"", ""forma"": ""circle"", ""x"": 0.0, ""y"": 0.0, ""sx"": 2.4, ""sy"": 2.4, ""furo"": ""1.2"", ""rede"": """"}, {""num"": ""2"", ""tipo"": ""thru_hole"", ""forma"": ""oval"", ""x"": 66.04, ""y"": 0.0, ""sx"": 2.4, ""sy"": 2.4, ""furo"": ""1.2"", ""rede"": """"}]",4,7,8,geometria inventariada; MPN/datasheet/encaixe não aprovado,"Resistor, Axial_Power series, Box, pin pitch=66.04mm, 25W, length*width*height=60*14*14mm^3, http://cdn-reichelt.de/documents/datenblatt/B400/5WAXIAL_9WAXIAL_11WAXIAL_17WAXIAL%23YAG.pdf"
library/Resistor_THT.pretty/R_Axial_Power_L60.0mm_W14.0mm_P71.12mm.kicad_mod,NÃO USADO no PCB atual,"[{""num"": ""1"", ""tipo"": ""thru_hole"", ""forma"": ""circle"", ""x"": 0.0, ""y"": 0.0, ""sx"": 2.4, ""sy"": 2.4, ""furo"": ""1.2"", ""rede"": """"}, {""num"": ""2"", ""tipo"": ""thru_hole"", ""forma"": ""oval"", ""x"": 71.12, ""y"": 0.0, ""sx"": 2.4, ""sy"": 2.4, ""furo"": ""1.2"", ""rede"": """"}]",4,7,8,geometria inventariada; MPN/datasheet/encaixe não aprovado,"Resistor, Axial_Power series, Box, pin pitch=71.12mm, 25W, length*width*height=60*14*14mm^3, http://cdn-reichelt.de/documents/datenblatt/B400/5WAXIAL_9WAXIAL_11WAXIAL_17WAXIAL%23YAG.pdf"
library/Resistor_THT.pretty/R_Axial_Power_L75.0mm_W9.0mm_P81.28mm.kicad_mod,NÃO USADO no PCB atual,"[{""num"": ""1"", ""tipo"": ""thru_hole"", ""forma"": ""circle"", ""x"": 0.0, ""y"": 0.0, ""sx"": 2.4, ""sy"": 2.4, ""furo"": ""1.2"", ""rede"": """"}, {""num"": ""2"", ""tipo"": ""thru_hole"", ""forma"": ""oval"", ""x"": 81.28, ""y"": 0.0, ""sx"": 2.4, ""sy"": 2.4, ""furo"": ""1.2"", ""rede"": """"}]",4,7,8,geometria inventariada; MPN/datasheet/encaixe não aprovado,"Resistor, Axial_Power series, Box, pin pitch=81.28mm, 17W, length*width*height=75*9*9mm^3, http://cdn-reichelt.de/documents/datenblatt/B400/5WAXIAL_9WAXIAL_11WAXIAL_17WAXIAL%23YAG.pdf"
library/Resistor_THT.pretty/R_Axial_Power_L75.0mm_W9.0mm_P86.36mm.kicad_mod,NÃO USADO no PCB atual,"[{""num"": ""1"", ""tipo"": ""thru_hole"", ""forma"": ""circle"", ""x"": 0.0, ""y"": 0.0, ""sx"": 2.4, ""sy"": 2.4, ""furo"": ""1.2"", ""rede"": """"}, {""num"": ""2"", ""tipo"": ""thru_hole"", ""forma"": ""oval"", ""x"": 86.36, ""y"": 0.0, ""sx"": 2.4, ""sy"": 2.4, ""furo"": ""1.2"", ""rede"": """"}]",4,7,8,geometria inventariada; MPN/datasheet/encaixe não aprovado,"Resistor, Axial_Power series, Box, pin pitch=86.36mm, 17W, length*width*height=75*9*9mm^3, http://cdn-reichelt.de/documents/datenblatt/B400/5WAXIAL_9WAXIAL_11WAXIAL_17WAXIAL%23YAG.pdf"
library/Resistor_THT.pretty/R_Axial_Shunt_L22.2mm_W8.0mm_PS14.30mm_P25.40mm.kicad_mod,NÃO USADO no PCB atual,"[{""num"": ""1"", ""tipo"": ""thru_hole"", ""forma"": ""circle"", ""x"": 0.0, ""y"": 0.0, ""sx"": 3.0, ""sy"": 3.0, ""furo"": ""1.5"", ""rede"": """"}, {""num"": ""2"", ""tipo"": ""thru_hole"", ""forma"": ""oval"", ""x"": 5.55, ""y"": 0.0, ""sx"": 3.0, ""sy"": 3.0, ""furo"": ""1.5"", ""rede"": """"}, {""num"": ""3"", ""tipo"": ""thru_hole"", ""forma"": ""oval"", ""x"": 19.85, ""y"": 0.0, ""sx"": 3.0, ""sy"": 3.0, ""furo"": ""1.5"", ""rede"": """"}, {""num"": ""4"", ""tipo"": ""thru_hole"", ""forma"": ""oval"", ""x"": 25.4, ""y"": 0.0, ""sx"": 3.0, ""sy"": 3.0, ""furo"": ""1.5"", ""rede"": """"}]",4,7,8,geometria inventariada; MPN/datasheet/encaixe não aprovado,"Resistor, Axial_Shunt series, Box, pin pitch=25.4mm, 3W, length*width*height=22.2*8*8mm^3, shunt pin pitch = 14.30mm, http://www.vishay.com/docs/30217/cpsl.pdf"
library/Resistor_THT.pretty/R_Axial_Shunt_L22.2mm_W9.5mm_PS14.30mm_P25.40mm.kicad_mod,NÃO USADO no PCB atual,"[{""num"": ""1"", ""tipo"": ""thru_hole"", ""forma"": ""circle"", ""x"": 0.0, ""y"": 0.0, ""sx"": 3.0, ""sy"": 3.0, ""furo"": ""1.5"", ""rede"": """"}, {""num"": ""2"", ""tipo"": ""thru_hole"", ""forma"": ""oval"", ""x"": 5.55, ""y"": 0.0, ""sx"": 3.0, ""sy"": 3.0, ""furo"": ""1.5"", ""rede"": """"}, {""num"": ""3"", ""tipo"": ""thru_hole"", ""forma"": ""oval"", ""x"": 19.85, ""y"": 0.0, ""sx"": 3.0, ""sy"": 3.0, ""furo"": ""1.5"", ""rede"": """"}, {""num"": ""4"", ""tipo"": ""thru_hole"", ""forma"": ""oval"", ""x"": 25.4, ""y"": 0.0, ""sx"": 3.0, ""sy"": 3.0, ""furo"": ""1.5"", ""rede"": """"}]",4,7,8,geometria inventariada; MPN/datasheet/encaixe não aprovado,"Resistor, Axial_Shunt series, Box, pin pitch=25.4mm, 5W, length*width*height=22.2*9.5*9.5mm^3, shunt pin pitch = 14.30mm, http://www.vishay.com/docs/30217/cpsl.pdf"
library/Resistor_THT.pretty/R_Axial_Shunt_L35.3mm_W9.5mm_PS25.40mm_P38.10mm.kicad_mod,NÃO USADO no PCB atual,"[{""num"": ""1"", ""tipo"": ""thru_hole"", ""forma"": ""circle"", ""x"": 0.0, ""y"": 0.0, ""sx"": 3.0, ""sy"": 3.0, ""furo"": ""1.5"", ""rede"": """"}, {""num"": ""2"", ""tipo"": ""thru_hole"", ""forma"": ""oval"", ""x"": 6.35, ""y"": 0.0, ""sx"": 3.0, ""sy"": 3.0, ""furo"": ""1.5"", ""rede"": """"}, {""num"": ""3"", ""tipo"": ""thru_hole"", ""forma"": ""oval"", ""x"": 31.75, ""y"": 0.0, ""sx"": 3.0, ""sy"": 3.0, ""furo"": ""1.5"", ""rede"": """"}, {""num"": ""4"", ""tipo"": ""thru_hole"", ""forma"": ""oval"", ""x"": 38.1, ""y"": 0.0, ""sx"": 3.0, ""sy"": 3.0, ""furo"": ""1.5"", ""rede"": """"}]",4,7,8,geometria inventariada; MPN/datasheet/encaixe não aprovado,"Resistor, Axial_Shunt series, Box, pin pitch=38.1mm, 7W, length*width*height=35.3*9.5*9.5mm^3, shunt pin pitch = 25.40mm, http://www.vishay.com/docs/30217/cpsl.pdf"
library/Resistor_THT.pretty/R_Axial_Shunt_L47.6mm_W12.7mm_PS34.93mm_P50.80mm.kicad_mod,NÃO USADO no PCB atual,"[{""num"": ""1"", ""tipo"": ""thru_hole"", ""forma"": ""circle"", ""x"": 0.0, ""y"": 0.0, ""sx"": 3.0, ""sy"": 3.0, ""furo"": ""1.5"", ""rede"": """"}, {""num"": ""2"", ""tipo"": ""thru_hole"", ""forma"": ""oval"", ""x"": 7.935, ""y"": 0.0, ""sx"": 3.0, ""sy"": 3.0, ""furo"": ""1.5"", ""rede"": """"}, {""num"": ""3"", ""tipo"": ""thru_hole"", ""forma"": ""oval"", ""x"": 42.865, ""y"": 0.0, ""sx"": 3.0, ""sy"": 3.0, ""furo"": ""1.5"", ""rede"": """"}, {""num"": ""4"", ""tipo"": ""thru_hole"", ""forma"": ""oval"", ""x"": 50.8, ""y"": 0.0, ""sx"": 3.0, ""sy"": 3.0, ""furo"": ""1.5"", ""rede"": """"}]",4,7,8,geometria inventariada; MPN/datasheet/encaixe não aprovado,"Resistor, Axial_Shunt series, Box, pin pitch=50.8mm, 15W, length*width*height=47.6*12.7*12.7mm^3, shunt pin pitch = 34.93mm, http://www.vishay.com/docs/30217/cpsl.pdf"
library/Resistor_THT.pretty/R_Axial_Shunt_L47.6mm_W9.5mm_PS34.93mm_P50.80mm.kicad_mod,NÃO USADO no PCB atual,"[{""num"": ""1"", ""tipo"": ""thru_hole"", ""forma"": ""circle"", ""x"": 0.0, ""y"": 0.0, ""sx"": 3.0, ""sy"": 3.0, ""furo"": ""1.5"", ""rede"": """"}, {""num"": ""2"", ""tipo"": ""thru_hole"", ""forma"": ""oval"", ""x"": 7.935, ""y"": 0.0, ""sx"": 3.0, ""sy"": 3.0, ""furo"": ""1.5"", ""rede"": """"}, {""num"": ""3"", ""tipo"": ""thru_hole"", ""forma"": ""oval"", ""x"": 42.865, ""y"": 0.0, ""sx"": 3.0, ""sy"": 3.0, ""furo"": ""1.5"", ""rede"": """"}, {""num"": ""4"", ""tipo"": ""thru_hole"", ""forma"": ""oval"", ""x"": 50.8, ""y"": 0.0, ""sx"": 3.0, ""sy"": 3.0, ""furo"": ""1.5"", ""rede"": """"}]",4,7,8,geometria inventariada; MPN/datasheet/encaixe não aprovado,"Resistor, Axial_Shunt series, Box, pin pitch=50.8mm, 10W, length*width*height=47.6*9.5*9.5mm^3, shunt pin pitch = 34.93mm, http://www.vishay.com/docs/30217/cpsl.pdf"
library/Resistor_THT.pretty/R_Bare_Metal_Element_L12.4mm_W4.8mm_P11.40mm.kicad_mod,NÃO USADO no PCB atual,"[{""num"": ""1"", ""tipo"": ""thru_hole"", ""forma"": ""circle"", ""x"": 0.0, ""y"": 0.0, ""sx"": 3.0, ""sy"": 3.0, ""furo"": ""1.5"", ""rede"": """"}, {""num"": ""2"", ""tipo"": ""thru_hole"", ""forma"": ""oval"", ""x"": 11.4, ""y"": 0.0, ""sx"": 3.0, ""sy"": 3.0, ""furo"": ""1.5"", ""rede"": """"}]",4,26,6,geometria inventariada; MPN/datasheet/encaixe não aprovado,"Resistor, Bare_Metal_Element series, Bare Metal Strip/Wire, Horizontal, pin pitch=11.4mm, 1W, length*width=12.4*4.8mm^2, https://www.bourns.com/pdfs/PWR4412-2S.pdf"
library/Resistor_THT.pretty/R_Bare_Metal_Element_L16.3mm_W4.8mm_P15.30mm.kicad_mod,NÃO USADO no PCB atual,"[{""num"": ""1"", ""tipo"": ""thru_hole"", ""forma"": ""circle"", ""x"": 0.0, ""y"": 0.0, ""sx"": 3.0, ""sy"": 3.0, ""furo"": ""1.5"", ""rede"": """"}, {""num"": ""2"", ""tipo"": ""thru_hole"", ""forma"": ""oval"", ""x"": 15.3, ""y"": 0.0, ""sx"": 3.0, ""sy"": 3.0, ""furo"": ""1.5"", ""rede"": """"}]",4,26,6,geometria inventariada; MPN/datasheet/encaixe não aprovado,"Resistor, Bare_Metal_Element series, Bare Metal Strip/Wire, Horizontal, pin pitch=15.3mm, 3W, length*width=16.3*4.8mm^2, https://www.bourns.com/pdfs/PWR4412-2S.pdf"
library/Resistor_THT.pretty/R_Bare_Metal_Element_L21.3mm_W4.8mm_P20.30mm.kicad_mod,NÃO USADO no PCB atual,"[{""num"": ""1"", ""tipo"": ""thru_hole"", ""forma"": ""circle"", ""x"": 0.0, ""y"": 0.0, ""sx"": 3.0, ""sy"": 3.0, ""furo"": ""1.5"", ""rede"": """"}, {""num"": ""2"", ""tipo"": ""thru_hole"", ""forma"": ""oval"", ""x"": 20.3, ""y"": 0.0, ""sx"": 3.0, ""sy"": 3.0, ""furo"": ""1.5"", ""rede"": """"}]",4,26,6,geometria inventariada; MPN/datasheet/encaixe não aprovado,"Resistor, Bare_Metal_Element series, Bare Metal Strip/Wire, Horizontal, pin pitch=20.3mm, 5W, length*width=21.3*4.8mm^2, https://www.bourns.com/pdfs/PWR4412-2S.pdf"
library/Resistor_THT.pretty/R_Box_L13.0mm_W4.0mm_P9.00mm.kicad_mod,NÃO USADO no PCB atual,"[{""num"": ""1"", ""tipo"": ""thru_hole"", ""forma"": ""circle"", ""x"": 0.0, ""y"": 0.0, ""sx"": 2.0, ""sy"": 2.0, ""furo"": ""1"", ""rede"": """"}, {""num"": ""2"", ""tipo"": ""thru_hole"", ""forma"": ""circle"", ""x"": 9.0, ""y"": 0.0, ""sx"": 2.0, ""sy"": 2.0, ""furo"": ""1"", ""rede"": """"}]",4,5,6,geometria inventariada; MPN/datasheet/encaixe não aprovado,"Resistor, Box series, Radial, pin pitch=9.00mm, 2W, length*width=13.0*4.0mm^2, http://www.produktinfo.conrad.com/datenblaetter/425000-449999/443860-da-01-de-METALLBAND_WIDERSTAND_0_1_OHM_5W_5Pr.pdf"
library/Resistor_THT.pretty/R_Box_L14.0mm_W5.0mm_P9.00mm.kicad_mod,NÃO USADO no PCB atual,"[{""num"": ""1"", ""tipo"": ""thru_hole"", ""forma"": ""circle"", ""x"": 0.0, ""y"": 0.0, ""sx"": 2.0, ""sy"": 2.0, ""furo"": ""1"", ""rede"": """"}, {""num"": ""2"", ""tipo"": ""thru_hole"", ""forma"": ""circle"", ""x"": 9.0, ""y"": 0.0, ""sx"": 2.0, ""sy"": 2.0, ""furo"": ""1"", ""rede"": """"}]",4,5,6,geometria inventariada; MPN/datasheet/encaixe não aprovado,"Resistor, Box series, Radial, pin pitch=9.00mm, 5W, length*width=14.0*5.0mm^2, http://www.produktinfo.conrad.com/datenblaetter/425000-449999/443860-da-01-de-METALLBAND_WIDERSTAND_0_1_OHM_5W_5Pr.pdf"
library/Resistor_THT.pretty/R_Box_L26.0mm_W5.0mm_P20.00mm.kicad_mod,NÃO USADO no PCB atual,"[{""num"": ""1"", ""tipo"": ""thru_hole"", ""forma"": ""circle"", ""x"": 0.0, ""y"": 0.0, ""sx"": 2.8, ""sy"": 2.8, ""furo"": ""1.4"", ""rede"": """"}, {""num"": ""2"", ""tipo"": ""thru_hole"", ""forma"": ""circle"", ""x"": 20.0, ""y"": 0.0, ""sx"": 2.8, ""sy"": 2.8, ""furo"": ""1.4"", ""rede"": """"}]",4,5,6,geometria inventariada; MPN/datasheet/encaixe não aprovado,"Resistor, Box series, Radial, pin pitch=20.00mm, 10W, length*width=26.0*5.0mm^2, http://www.produktinfo.conrad.com/datenblaetter/425000-449999/443860-da-01-de-METALLBAND_WIDERSTAND_0_1_OHM_5W_5Pr.pdf"
library/Resistor_THT.pretty/R_Box_L8.4mm_W2.5mm_P5.08mm.kicad_mod,NÃO USADO no PCB atual,"[{""num"": ""1"", ""tipo"": ""thru_hole"", ""forma"": ""circle"", ""x"": 0.0, ""y"": 0.0, ""sx"": 1.6, ""sy"": 1.6, ""furo"": ""0.8"", ""rede"": """"}, {""num"": ""2"", ""tipo"": ""thru_hole"", ""forma"": ""circle"", ""x"": 5.08, ""y"": 0.0, ""sx"": 1.6, ""sy"": 1.6, ""furo"": ""0.8"", ""rede"": """"}]",4,5,6,geometria inventariada; MPN/datasheet/encaixe não aprovado,"Resistor, Box series, Radial, pin pitch=5.08mm, 0.5W = 1/2W, length*width=8.38*2.54mm^2, http://www.vishay.com/docs/60051/cns020.pdf"
library/Resistor_THT.pretty/R_Radial_Power_L11.0mm_W7.0mm_P5.00mm.kicad_mod,NÃO USADO no PCB atual,"[{""num"": ""1"", ""tipo"": ""thru_hole"", ""forma"": ""circle"", ""x"": 0.0, ""y"": 0.0, ""sx"": 2.4, ""sy"": 2.4, ""furo"": ""1.2"", ""rede"": """"}, {""num"": ""2"", ""tipo"": ""thru_hole"", ""forma"": ""circle"", ""x"": 5.0, ""y"": 0.0, ""sx"": 2.4, ""sy"": 2.4, ""furo"": ""1.2"", ""rede"": """"}]",4,7,8,geometria inventariada; MPN/datasheet/encaixe não aprovado,"Resistor, Radial_Power series, Radial, pin pitch=5.00mm, 2W, length*width=11.0*7.0mm^2, http://www.vishay.com/docs/30218/cpcx.pdf"
library/Resistor_THT.pretty/R_Radial_Power_L12.0mm_W8.0mm_P5.00mm.kicad_mod,NÃO USADO no PCB atual,"[{""num"": ""1"", ""tipo"": ""thru_hole"", ""forma"": ""circle"", ""x"": 0.0, ""y"": 0.0, ""sx"": 2.4, ""sy"": 2.4, ""furo"": ""1.2"", ""rede"": """"}, {""num"": ""2"", ""tipo"": ""thru_hole"", ""forma"": ""circle"", ""x"": 5.0, ""y"": 0.0, ""sx"": 2.4, ""sy"": 2.4, ""furo"": ""1.2"", ""rede"": """"}]",4,7,8,geometria inventariada; MPN/datasheet/encaixe não aprovado,"Resistor, Radial_Power series, Radial, pin pitch=5.00mm, 3W, length*width=12.0*8.0mm^2, http://www.vishay.com/docs/30218/cpcx.pdf"
library/Resistor_THT.pretty/R_Radial_Power_L13.0mm_W9.0mm_P5.00mm.kicad_mod,NÃO USADO no PCB atual,"[{""num"": ""1"", ""tipo"": ""thru_hole"", ""forma"": ""circle"", ""x"": 0.0, ""y"": 0.0, ""sx"": 2.4, ""sy"": 2.4, ""furo"": ""1.2"", ""rede"": """"}, {""num"": ""2"", ""tipo"": ""thru_hole"", ""forma"": ""circle"", ""x"": 5.0, ""y"": 0.0, ""sx"": 2.4, ""sy"": 2.4, ""furo"": ""1.2"", ""rede"": """"}]",4,7,8,geometria inventariada; MPN/datasheet/encaixe não aprovado,"Resistor, Radial_Power series, Radial, pin pitch=5.00mm, 7W, length*width=13.0*9.0mm^2, http://www.vishay.com/docs/30218/cpcx.pdf"
library/Resistor_THT.pretty/R_Radial_Power_L16.1mm_W9.0mm_P7.37mm.kicad_mod,NÃO USADO no PCB atual,"[{""num"": ""1"", ""tipo"": ""thru_hole"", ""forma"": ""circle"", ""x"": 0.0, ""y"": 0.0, ""sx"": 2.8, ""sy"": 2.8, ""furo"": ""1.4"", ""rede"": """"}, {""num"": ""2"", ""tipo"": ""thru_hole"", ""forma"": ""circle"", ""x"": 7.37, ""y"": 0.0, ""sx"": 2.8, ""sy"": 2.8, ""furo"": ""1.4"", ""rede"": """"}]",4,7,8,geometria inventariada; MPN/datasheet/encaixe não aprovado,"Resistor, Radial_Power series, Radial, pin pitch=7.37mm, 10W, length*width=16.1*9mm^2, http://www.vishay.com/docs/30218/cpcx.pdf"
library/Resistor_THT.pretty/R_Radial_Power_L7.0mm_W8.0mm_Px2.40mm_Py2.30mm.kicad_mod,NÃO USADO no PCB atual,"[{""num"": ""1"", ""tipo"": ""thru_hole"", ""forma"": ""circle"", ""x"": 0.0, ""y"": 0.0, ""sx"": 2.4, ""sy"": 2.4, ""furo"": ""1.2"", ""rede"": """"}, {""num"": ""2"", ""tipo"": ""thru_hole"", ""forma"": ""circle"", ""x"": 2.4, ""y"": -2.3, ""sx"": 2.4, ""sy"": 2.4, ""furo"": ""1.2"", ""rede"": """"}]",4,6,6,geometria inventariada; MPN/datasheet/encaixe não aprovado,"Resistor, Radial_Power series, Radial, pin pitch=2.40*2.30mm^2, 7W, length*width=7*8mm^2, http://www.vitrohm.com/content/files/vitrohm_series_kv_-_201601.pdf"
library/Resistor_THT.pretty/R_Radial_Power_L9.0mm_W10.0mm_Px2.70mm_Py2.30mm.kicad_mod,NÃO USADO no PCB atual,"[{""num"": ""1"", ""tipo"": ""thru_hole"", ""forma"": ""circle"", ""x"": 0.0, ""y"": 0.0, ""sx"": 2.4, ""sy"": 2.4, ""furo"": ""1.2"", ""rede"": """"}, {""num"": ""2"", ""tipo"": ""thru_hole"", ""forma"": ""circle"", ""x"": 2.7, ""y"": -2.3, ""sx"": 2.4, ""sy"": 2.4, ""furo"": ""1.2"", ""rede"": """"}]",4,5,6,geometria inventariada; MPN/datasheet/encaixe não aprovado,"Resistor, Radial_Power series, Radial, pin pitch=2.70*2.30mm^2, 17W, length*width=9*10mm^2, http://www.vitrohm.com/content/files/vitrohm_series_kv_-_201601.pdf"
library/oneTesla.pretty/CDE_940C30S68K_F_CONFIRMAR.kicad_mod,PCB,"[{""num"": ""1"", ""tipo"": ""thru_hole"", ""forma"": ""circle"", ""x"": -29.21, ""y"": 0.0, ""sx"": 4.0, ""sy"": 4.0, ""furo"": ""1.4"", ""rede"": """"}, {""num"": ""2"", ""tipo"": ""thru_hole"", ""forma"": ""circle"", ""x"": 29.21, ""y"": 0.0, ""sx"": 4.0, ""sy"": 4.0, ""furo"": ""1.4"", ""rede"": """"}]",1,2,2,geometria inventariada; MPN/datasheet/encaixe não aprovado,"PROVISORIO: CDE 940C30S68K-F 68nF/3000V, P57.5 selecionado pela familia/layout; confirmar desenho mecanico da peca"
library/oneTesla.pretty/CP_Radial_D12.5mm_P5.00mm.kicad_mod,PCB,"[{""num"": ""1"", ""tipo"": ""thru_hole"", ""forma"": ""circle"", ""x"": -1.778, ""y"": 0.0, ""sx"": 1.8, ""sy"": 1.8, ""furo"": ""0.8128"", ""rede"": """"}, {""num"": ""2"", ""tipo"": ""thru_hole"", ""forma"": ""circle"", ""x"": 1.778, ""y"": 0.0, ""sx"": 1.8, ""sy"": 1.8, ""furo"": ""0.8128"", ""rede"": """"}]",1,237,5,geometria inventariada; MPN/datasheet/encaixe não aprovado,"CP, Radial series, Radial, pin pitch=5.00mm, diameter=12.5mm, height=20mm, Electrolytic Capacitor"
library/oneTesla.pretty/CP_Radial_D30.0mm_P10.00mm_SnapIn.kicad_mod,PCB,"[{""num"": ""1"", ""tipo"": ""thru_hole"", ""forma"": ""circle"", ""x"": -5.08, ""y"": 0.0, ""sx"": 4.0, ""sy"": 4.0, ""furo"": ""2"", ""rede"": """"}, {""num"": ""2"", ""tipo"": ""thru_hole"", ""forma"": ""circle"", ""x"": 5.08, ""y"": 0.0, ""sx"": 4.0, ""sy"": 4.0, ""furo"": ""2"", ""rede"": """"}]",1,495,5,geometria inventariada; MPN/datasheet/encaixe não aprovado,"CP, Radial series, Radial, pin pitch=10.00mm, diameter=30mm, height=50mm, Electrolytic Capacitor, http://www.vishay.com/docs/28342/058059pll-si.pdf"
library/oneTesla.pretty/CP_Radial_D8.0mm_P3.50mm.kicad_mod,PCB,"[{""num"": ""1"", ""tipo"": ""thru_hole"", ""forma"": ""circle"", ""x"": -1.27, ""y"": 0.0, ""sx"": 1.6, ""sy"": 1.6, ""furo"": ""0.8128"", ""rede"": """"}, {""num"": ""2"", ""tipo"": ""thru_hole"", ""forma"": ""circle"", ""x"": 1.27, ""y"": 0.0, ""sx"": 1.6, ""sy"": 1.6, ""furo"": ""0.8128"", ""rede"": """"}]",1,160,5,geometria inventariada; MPN/datasheet/encaixe não aprovado,"CP, Radial series, Radial, pin pitch=3.50mm, diameter=8mm, height=12mm, Electrolytic Capacitor"
library/oneTesla.pretty/CT_1_300_P12.70mm_CONFIRMAR.kicad_mod,PCB,"[{""num"": ""1"", ""tipo"": ""thru_hole"", ""forma"": ""circle"", ""x"": 0.0, ""y"": -6.35, ""sx"": 2.5, ""sy"": 2.5, ""furo"": ""1.27"", ""rede"": """"}, {""num"": ""2"", ""tipo"": ""thru_hole"", ""forma"": ""circle"", ""x"": 0.0, ""y"": 6.35, ""sx"": 2.5, ""sy"": 2.5, ""furo"": ""1.27"", ""rede"": """"}]",1,2,2,geometria inventariada; MPN/datasheet/encaixe não aprovado,"PROVISORIO: CT 1:300 com 2 pinos do secundario, P12.70 estimado do layout; primario passa pelo nucleo fora dos pads; confirmar polaridade"
library/oneTesla.pretty/C_Disc_D7.5mm_W2.5mm_P5.00mm.kicad_mod,PCB,"[{""num"": ""1"", ""tipo"": ""thru_hole"", ""forma"": ""circle"", ""x"": 0.0, ""y"": 0.0, ""sx"": 2.0, ""sy"": 2.0, ""furo"": ""1"", ""rede"": """"}, {""num"": ""2"", ""tipo"": ""thru_hole"", ""forma"": ""circle"", ""x"": 5.0, ""y"": 0.0, ""sx"": 2.0, ""sy"": 2.0, ""furo"": ""1"", ""rede"": """"}]",1,6,3,geometria inventariada; MPN/datasheet/encaixe não aprovado,"C, Disc series, Radial, pin pitch=5.00mm, diameter*width=7.5*2.5mm^2, Capacitor, http://www.vishay.com/docs/28535/vy2series.pdf"
library/oneTesla.pretty/Chassis_PE_M3.kicad_mod,PCB,"[{""num"": ""1"", ""tipo"": ""thru_hole"", ""forma"": ""circle"", ""x"": 0.0, ""y"": 0.0, ""sx"": 5.1, ""sy"": 5.1, ""furo"": ""3.2"", ""rede"": """"}]",1,2,2,geometria inventariada; MPN/datasheet/encaixe não aprovado,Ponto PE/chassis M3 proposto; conferir fixacao e continuidade do chassis
library/oneTesla.pretty/DIP-14_W7.62mm_Socket_LongPads.kicad_mod,PCB,"[{""num"": ""1"", ""tipo"": ""thru_hole"", ""forma"": ""rect"", ""x"": 0.0, ""y"": 0.0, ""sx"": 1.6, ""sy"": 1.6, ""furo"": ""0.8128"", ""rede"": """"}, {""num"": ""2"", ""tipo"": ""thru_hole"", ""forma"": ""circle"", ""x"": 0.0, ""y"": 2.54, ""sx"": 1.6, ""sy"": 1.6, ""furo"": ""0.8128"", ""rede"": """"}, {""num"": ""3"", ""tipo"": ""thru_hole"", ""forma"": ""circle"", ""x"": 0.0, ""y"": 5.08, ""sx"": 1.6, ""sy"": 1.6, ""furo"": ""0.8128"", ""rede"": """"}, {""num"": ""4"", ""tipo"": ""thru_hole"", ""forma"": ""circle"", ""x"": 0.0, ""y"": 7.62, ""sx"": 1.6, ""sy"": 1.6, ""furo"": ""0.8128"", ""rede"": """"}, {""num"": ""5"", ""tipo"": ""thru_hole"", ""forma"": ""circle"", ""x"": 0.0, ""y"": 10.16, ""sx"": 1.6, ""sy"": 1.6, ""furo"": ""0.8128"", ""rede"": """"}, {""num"": ""6"", ""tipo"": ""thru_hole"", ""forma"": ""circle"", ""x"": 0.0, ""y"": 12.7, ""sx"": 1.6, ""sy"": 1.6, ""furo"": ""0.8128"", ""rede"": """"}, {""num"": ""7"", ""tipo"": ""thru_hole"", ""forma"": ""circle"", ""x"": 0.0, ""y"": 15.24, ""sx"": 1.6, ""sy"": 1.6, ""furo"": ""0.8128"", ""rede"": """"}, {""num"": ""8"", ""tipo"": ""thru_hole"", ""forma"": ""circle"", ""x"": 7.62, ""y"": 15.24, ""sx"": 1.6, ""sy"": 1.6, ""furo"": ""0.8128"", ""rede"": """"}, {""num"": ""9"", ""tipo"": ""thru_hole"", ""forma"": ""circle"", ""x"": 7.62, ""y"": 12.7, ""sx"": 1.6, ""sy"": 1.6, ""furo"": ""0.8128"", ""rede"": """"}, {""num"": ""10"", ""tipo"": ""thru_hole"", ""forma"": ""circle"", ""x"": 7.62, ""y"": 10.16, ""sx"": 1.6, ""sy"": 1.6, ""furo"": ""0.8128"", ""rede"": """"}, {""num"": ""11"", ""tipo"": ""thru_hole"", ""forma"": ""circle"", ""x"": 7.62, ""y"": 7.62, ""sx"": 1.6, ""sy"": 1.6, ""furo"": ""0.8128"", ""rede"": """"}, {""num"": ""12"", ""tipo"": ""thru_hole"", ""forma"": ""circle"", ""x"": 7.62, ""y"": 5.08, ""sx"": 1.6, ""sy"": 1.6, ""furo"": ""0.8128"", ""rede"": """"}, {""num"": ""13"", ""tipo"": ""thru_hole"", ""forma"": ""circle"", ""x"": 7.62, ""y"": 2.54, ""sx"": 1.6, ""sy"": 1.6, ""furo"": ""0.8128"", ""rede"": """"}, {""num"": ""14"", ""tipo"": ""thru_hole"", ""forma"": ""circle"", ""x"": 7.62, ""y"": 0.0, ""sx"": 1.6, ""sy"": 1.6, ""furo"": ""0.8128"", ""rede"": """"}]",1,9,9,geometria inventariada; MPN/datasheet/encaixe não aprovado,"14-lead though-hole mounted DIP package, row spacing 7.62mm (300 mils), Socket, LongPads"
library/oneTesla.pretty/DIP-8_W7.62mm.kicad_mod,NÃO USADO no PCB atual,"[{""num"": ""1"", ""tipo"": ""thru_hole"", ""forma"": ""roundrect"", ""x"": 0.0, ""y"": 0.0, ""sx"": 1.6, ""sy"": 1.6, ""furo"": ""0.8"", ""rede"": """"}, {""num"": ""2"", ""tipo"": ""thru_hole"", ""forma"": ""circle"", ""x"": 0.0, ""y"": 2.54, ""sx"": 1.6, ""sy"": 1.6, ""furo"": ""0.8"", ""rede"": """"}, {""num"": ""3"", ""tipo"": ""thru_hole"", ""forma"": ""circle"", ""x"": 0.0, ""y"": 5.08, ""sx"": 1.6, ""sy"": 1.6, ""furo"": ""0.8"", ""rede"": """"}, {""num"": ""4"", ""tipo"": ""thru_hole"", ""forma"": ""circle"", ""x"": 0.0, ""y"": 7.62, ""sx"": 1.6, ""sy"": 1.6, ""furo"": ""0.8"", ""rede"": """"}, {""num"": ""5"", ""tipo"": ""thru_hole"", ""forma"": ""circle"", ""x"": 7.62, ""y"": 7.62, ""sx"": 1.6, ""sy"": 1.6, ""furo"": ""0.8"", ""rede"": """"}, {""num"": ""6"", ""tipo"": ""thru_hole"", ""forma"": ""circle"", ""x"": 7.62, ""y"": 5.08, ""sx"": 1.6, ""sy"": 1.6, ""furo"": ""0.8"", ""rede"": """"}, {""num"": ""7"", ""tipo"": ""thru_hole"", ""forma"": ""circle"", ""x"": 7.62, ""y"": 2.54, ""sx"": 1.6, ""sy"": 1.6, ""furo"": ""0.8"", ""rede"": """"}, {""num"": ""8"", ""tipo"": ""thru_hole"", ""forma"": ""circle"", ""x"": 7.62, ""y"": 0.0, ""sx"": 1.6, ""sy"": 1.6, ""furo"": ""0.8"", ""rede"": """"}]",1,8,8,geometria inventariada; MPN/datasheet/encaixe não aprovado,"8-lead though-hole mounted DIP package, row spacing 7.62mm (300 mils)"
library/oneTesla.pretty/DIP-8_W7.62mm_Socket_LongPads.kicad_mod,PCB,"[{""num"": ""1"", ""tipo"": ""thru_hole"", ""forma"": ""rect"", ""x"": 0.0, ""y"": 0.0, ""sx"": 1.6, ""sy"": 1.6, ""furo"": ""0.8128"", ""rede"": """"}, {""num"": ""2"", ""tipo"": ""thru_hole"", ""forma"": ""circle"", ""x"": 0.0, ""y"": 2.54, ""sx"": 1.6, ""sy"": 1.6, ""furo"": ""0.8128"", ""rede"": """"}, {""num"": ""3"", ""tipo"": ""thru_hole"", ""forma"": ""circle"", ""x"": 0.0, ""y"": 5.08, ""sx"": 1.6, ""sy"": 1.6, ""furo"": ""0.8128"", ""rede"": """"}, {""num"": ""4"", ""tipo"": ""thru_hole"", ""forma"": ""circle"", ""x"": 0.0, ""y"": 7.62, ""sx"": 1.6, ""sy"": 1.6, ""furo"": ""0.8128"", ""rede"": """"}, {""num"": ""5"", ""tipo"": ""thru_hole"", ""forma"": ""circle"", ""x"": 7.62, ""y"": 7.62, ""sx"": 1.6, ""sy"": 1.6, ""furo"": ""0.8128"", ""rede"": """"}, {""num"": ""6"", ""tipo"": ""thru_hole"", ""forma"": ""circle"", ""x"": 7.62, ""y"": 5.08, ""sx"": 1.6, ""sy"": 1.6, ""furo"": ""0.8128"", ""rede"": """"}, {""num"": ""7"", ""tipo"": ""thru_hole"", ""forma"": ""circle"", ""x"": 7.62, ""y"": 2.54, ""sx"": 1.6, ""sy"": 1.6, ""furo"": ""0.8128"", ""rede"": """"}, {""num"": ""8"", ""tipo"": ""thru_hole"", ""forma"": ""circle"", ""x"": 7.62, ""y"": 0.0, ""sx"": 1.6, ""sy"": 1.6, ""furo"": ""0.8128"", ""rede"": """"}]",1,9,9,geometria inventariada; MPN/datasheet/encaixe não aprovado,"8-lead though-hole mounted DIP package, row spacing 7.62mm (300 mils), Socket, LongPads"
library/oneTesla.pretty/D_DO-201AD_P15.24mm_Horizontal.kicad_mod,PCB,"[{""num"": ""1"", ""tipo"": ""thru_hole"", ""forma"": ""circle"", ""x"": -7.366, ""y"": 0.0, ""sx"": 3.0, ""sy"": 3.0, ""furo"": ""1.1"", ""rede"": """"}, {""num"": ""2"", ""tipo"": ""thru_hole"", ""forma"": ""circle"", ""x"": 7.366, ""y"": 0.0, ""sx"": 3.0, ""sy"": 3.0, ""furo"": ""1.1"", ""rede"": """"}]",1,9,9,geometria inventariada; MPN/datasheet/encaixe não aprovado,"Diode, DO-201AD series, Axial, Horizontal, pin pitch=15.24mm, length*diameter=9.5*5.2mm^2, http://www.diodes.com/_files/packages/DO-201AD.pdf"
library/oneTesla.pretty/D_DO-35_SOD27_P7.62mm_Horizontal.kicad_mod,PCB,"[{""num"": ""1"", ""tipo"": ""thru_hole"", ""forma"": ""roundrect"", ""x"": 0.0, ""y"": 0.0, ""sx"": 1.6, ""sy"": 1.6, ""furo"": ""0.8"", ""rede"": """"}, {""num"": ""2"", ""tipo"": ""thru_hole"", ""forma"": ""circle"", ""x"": 7.62, ""y"": 0.0, ""sx"": 1.6, ""sy"": 1.6, ""furo"": ""0.8"", ""rede"": """"}]",1,9,9,geometria inventariada; MPN/datasheet/encaixe não aprovado,"Diode, DO-35_SOD27 series, Axial, Horizontal, pin pitch=7.62mm, length*diameter=4*2mm^2, http://www.diodes.com/_files/packages/DO-35.pdf"
library/oneTesla.pretty/D_SMA.kicad_mod,NÃO USADO no PCB atual,"[{""num"": ""1"", ""tipo"": ""smd"", ""forma"": ""roundrect"", ""x"": -2.0, ""y"": 0.0, ""sx"": 2.5, ""sy"": 1.8, ""furo"": """", ""rede"": """"}, {""num"": ""2"", ""tipo"": ""smd"", ""forma"": ""roundrect"", ""x"": 2.0, ""y"": 0.0, ""sx"": 2.5, ""sy"": 1.8, ""furo"": """", ""rede"": """"}]",4,4,14,geometria inventariada; MPN/datasheet/encaixe não aprovado,Diode SMA (DO-214AC)
library/oneTesla.pretty/D_SMB.kicad_mod,NÃO USADO no PCB atual,"[{""num"": ""1"", ""tipo"": ""smd"", ""forma"": ""roundrect"", ""x"": -2.15, ""y"": 0.0, ""sx"": 2.5, ""sy"": 2.3, ""furo"": """", ""rede"": """"}, {""num"": ""2"", ""tipo"": ""smd"", ""forma"": ""roundrect"", ""x"": 2.15, ""y"": 0.0, ""sx"": 2.5, ""sy"": 2.3, ""furo"": """", ""rede"": """"}]",4,4,14,geometria inventariada; MPN/datasheet/encaixe não aprovado,Diode SMB (DO-214AA)
library/oneTesla.pretty/D_SMC.kicad_mod,NÃO USADO no PCB atual,"[{""num"": ""1"", ""tipo"": ""smd"", ""forma"": ""roundrect"", ""x"": -3.4, ""y"": 0.0, ""sx"": 3.3, ""sy"": 2.5, ""furo"": """", ""rede"": """"}, {""num"": ""2"", ""tipo"": ""smd"", ""forma"": ""roundrect"", ""x"": 3.4, ""y"": 0.0, ""sx"": 3.3, ""sy"": 2.5, ""furo"": """", ""rede"": """"}]",4,4,14,geometria inventariada; MPN/datasheet/encaixe não aprovado,Diode SMC (DO-214AB)
library/oneTesla.pretty/Diode_Bridge_DIP-4_W7.62mm_P5.08mm.kicad_mod,NÃO USADO no PCB atual,"[{""num"": ""1"", ""tipo"": ""thru_hole"", ""forma"": ""rect"", ""x"": 0.0, ""y"": 0.0, ""sx"": 1.6, ""sy"": 1.6, ""furo"": ""0.8"", ""rede"": """"}, {""num"": ""2"", ""tipo"": ""thru_hole"", ""forma"": ""oval"", ""x"": 0.0, ""y"": 5.08, ""sx"": 1.6, ""sy"": 1.6, ""furo"": ""0.8"", ""rede"": """"}, {""num"": ""3"", ""tipo"": ""thru_hole"", ""forma"": ""oval"", ""x"": 7.62, ""y"": 5.08, ""sx"": 1.6, ""sy"": 1.6, ""furo"": ""0.8"", ""rede"": """"}, {""num"": ""4"", ""tipo"": ""thru_hole"", ""forma"": ""oval"", ""x"": 7.62, ""y"": 0.0, ""sx"": 1.6, ""sy"": 1.6, ""furo"": ""0.8"", ""rede"": """"}]",4,7,9,geometria inventariada; MPN/datasheet/encaixe não aprovado,"4-lead dip package for diode bridges, row spacing 7.62 mm (300 mils), see http://cdn-reichelt.de/documents/datenblatt/A400/HDBL101G_20SERIES-TSC.pdf"
library/oneTesla.pretty/Diode_Bridge_Vishay_KBU.kicad_mod,PCB,"[{""num"": ""1"", ""tipo"": ""thru_hole"", ""forma"": ""rect"", ""x"": 0.0, ""y"": 0.0, ""sx"": 2.8, ""sy"": 2.8, ""furo"": ""1.4986"", ""rede"": """"}, {""num"": ""3"", ""tipo"": ""thru_hole"", ""forma"": ""circle"", ""x"": 5.08, ""y"": 0.0, ""sx"": 2.8, ""sy"": 2.8, ""furo"": ""1.4986"", ""rede"": """"}, {""num"": ""2"", ""tipo"": ""thru_hole"", ""forma"": ""circle"", ""x"": 10.16, ""y"": 0.0, ""sx"": 2.8, ""sy"": 2.8, ""furo"": ""1.4986"", ""rede"": """"}, {""num"": ""4"", ""tipo"": ""thru_hole"", ""forma"": ""circle"", ""x"": 15.24, ""y"": 0.0, ""sx"": 2.8, ""sy"": 2.8, ""furo"": ""1.4986"", ""rede"": """"}]",4,9,10,geometria inventariada; MPN/datasheet/encaixe não aprovado,"Vishay KBU rectifier package, 5.08mm pitch, see http://www.vishay.com/docs/88656/kbu4.pdf"
library/oneTesla.pretty/EI30_12VAC_CONFIRMAR.kicad_mod,NÃO USADO no PCB atual,"[{""num"": ""1"", ""tipo"": ""thru_hole"", ""forma"": ""rect"", ""x"": -10.16, ""y"": -10.16, ""sx"": 2.4, ""sy"": 2.4, ""furo"": ""1"", ""rede"": """"}, {""num"": ""2"", ""tipo"": ""thru_hole"", ""forma"": ""circle"", ""x"": 10.16, ""y"": -10.16, ""sx"": 2.4, ""sy"": 2.4, ""furo"": ""1"", ""rede"": """"}, {""num"": ""3"", ""tipo"": ""thru_hole"", ""forma"": ""circle"", ""x"": 5.08, ""y"": 10.16, ""sx"": 2.4, ""sy"": 2.4, ""furo"": ""1"", ""rede"": """"}, {""num"": ""4"", ""tipo"": ""thru_hole"", ""forma"": ""circle"", ""x"": -5.08, ""y"": 10.16, ""sx"": 2.4, ""sy"": 2.4, ""furo"": ""1"", ""rede"": """"}]",1,2,2,geometria inventariada; MPN/datasheet/encaixe não aprovado,"PROVISORIO: EI30/12.5, grade inferida do layout; confirmar tensao primaria, medidas e pinagem"
library/oneTesla.pretty/Fuseholder_Clip-5x20mm_Littelfuse_111_Inline_P20.00x5.00mm_D1.05mm_Horizontal.kicad_mod,PCB,"[{""num"": ""2"", ""tipo"": ""thru_hole"", ""forma"": ""circle"", ""x"": -10.16, ""y"": 0.0, ""sx"": 2.5, ""sy"": 2.5, ""furo"": ""1.1938"", ""rede"": """"}, {""num"": ""2"", ""tipo"": ""thru_hole"", ""forma"": ""circle"", ""x"": -5.08, ""y"": 0.0, ""sx"": 2.5, ""sy"": 2.5, ""furo"": ""1.1938"", ""rede"": """"}, {""num"": ""1"", ""tipo"": ""thru_hole"", ""forma"": ""circle"", ""x"": 5.08, ""y"": 0.0, ""sx"": 2.5, ""sy"": 2.5, ""furo"": ""1.1938"", ""rede"": """"}, {""num"": ""1"", ""tipo"": ""thru_hole"", ""forma"": ""rect"", ""x"": 10.16, ""y"": 0.0, ""sx"": 2.5, ""sy"": 2.5, ""furo"": ""1.1938"", ""rede"": """"}]",4,15,14,geometria inventariada; MPN/datasheet/encaixe não aprovado,"Fuseholder Clips, 5x20mm Cylinder Fuse, Pins Inline, Horizontal, Littelfuse 111, https://m.littelfuse.com/~/media/electronics/datasheets/fuse_clips/littelfuse_fuse_clip_111_519_datasheet.pdf.pdf"
library/oneTesla.pretty/GDT_6Pin_CONFIRMAR.kicad_mod,PCB,"[{""num"": ""1"", ""tipo"": ""thru_hole"", ""forma"": ""rect"", ""x"": -9.017, ""y"": -4.572, ""sx"": 2.2, ""sy"": 2.2, ""furo"": ""1.016"", ""rede"": """"}, {""num"": ""2"", ""tipo"": ""thru_hole"", ""forma"": ""circle"", ""x"": -9.017, ""y"": 4.445, ""sx"": 2.2, ""sy"": 2.2, ""furo"": ""1.016"", ""rede"": """"}, {""num"": ""3"", ""tipo"": ""thru_hole"", ""forma"": ""circle"", ""x"": 3.683, ""y"": -4.445, ""sx"": 2.2, ""sy"": 2.2, ""furo"": ""1.016"", ""rede"": """"}, {""num"": ""4"", ""tipo"": ""thru_hole"", ""forma"": ""circle"", ""x"": 8.763, ""y"": -4.445, ""sx"": 2.2, ""sy"": 2.2, ""furo"": ""1.016"", ""rede"": """"}, {""num"": ""5"", ""tipo"": ""thru_hole"", ""forma"": ""circle"", ""x"": 8.763, ""y"": 4.445, ""sx"": 2.2, ""sy"": 2.2, ""furo"": ""1.016"", ""rede"": """"}, {""num"": ""6"", ""tipo"": ""thru_hole"", ""forma"": ""circle"", ""x"": 3.683, ""y"": 4.445, ""sx"": 2.2, ""sy"": 2.2, ""furo"": ""1.016"", ""rede"": """"}]",1,2,2,geometria inventariada; MPN/datasheet/encaixe não aprovado,"PROVISORIO: bobina GDT 6 pinos, grade 8.89 mm estimada do layout; confirmar medidas, pares e fase com a peca"
library/oneTesla.pretty/HFBR-2521ETZ.kicad_mod,PCB,"[{""num"": ""3"", ""tipo"": ""thru_hole"", ""forma"": ""rect"", ""x"": -1.905, ""y"": -5.08, ""sx"": 1.5, ""sy"": 1.5, ""furo"": ""0.8"", ""rede"": """"}, {""num"": ""1"", ""tipo"": ""thru_hole"", ""forma"": ""circle"", ""x"": 0.0, ""y"": -5.08, ""sx"": 1.5, ""sy"": 1.5, ""furo"": ""0.8"", ""rede"": """"}, {""num"": ""2"", ""tipo"": ""thru_hole"", ""forma"": ""circle"", ""x"": 1.905, ""y"": -5.08, ""sx"": 1.5, ""sy"": 1.5, ""furo"": ""0.8"", ""rede"": """"}, {""num"": ""4"", ""tipo"": ""thru_hole"", ""forma"": ""circle"", ""x"": 3.81, ""y"": -5.08, ""sx"": 1.5, ""sy"": 1.5, ""furo"": ""0.8"", ""rede"": """"}, {""num"": """", ""tipo"": ""np_thru_hole"", ""forma"": ""circle"", ""x"": -2.54, ""y"": -7.62, ""sx"": 1.651, ""sy"": 1.651, ""furo"": ""1.651"", ""rede"": """"}, {""num"": """", ""tipo"": ""np_thru_hole"", ""forma"": ""circle"", ""x"": 2.54, ""y"": -7.62, ""sx"": 1.651, ""sy"": 1.651, ""furo"": ""1.651"", ""rede"": """"}, {""num"": """", ""tipo"": ""np_thru_hole"", ""forma"": ""circle"", ""x"": 0.0, ""y"": 0.0, ""sx"": 3.2, ""sy"": 3.2, ""furo"": ""3.2"", ""rede"": """"}]",8,38,33,geometria inventariada; MPN/datasheet/encaixe não aprovado,"Fiberoptic Receiver RX, HFBR series (https://docs.broadcom.com/docs/AV02-3283EN)"
library/oneTesla.pretty/HLK-15M15BL.kicad_mod,PCB,"[{""num"": ""1"", ""tipo"": ""thru_hole"", ""forma"": ""rect"", ""x"": 0.0, ""y"": 0.0, ""sx"": 2.5, ""sy"": 2.5, ""furo"": ""1.1"", ""rede"": """"}, {""num"": ""2"", ""tipo"": ""thru_hole"", ""forma"": ""circle"", ""x"": 0.0, ""y"": 7.8, ""sx"": 2.5, ""sy"": 2.5, ""furo"": ""1.1"", ""rede"": """"}, {""num"": ""3"", ""tipo"": ""thru_hole"", ""forma"": ""circle"", ""x"": 42.5, ""y"": -7.4, ""sx"": 2.5, ""sy"": 2.5, ""furo"": ""1.1"", ""rede"": """"}, {""num"": ""4"", ""tipo"": ""thru_hole"", ""forma"": ""circle"", ""x"": 42.5, ""y"": 15.2, ""sx"": 2.5, ""sy"": 2.5, ""furo"": ""1.1"", ""rede"": """"}]",1,7,7,geometria inventariada; MPN/datasheet/encaixe não aprovado,"Hi-Link 15W-BL V1.0 p11: 47.5x28.5x22mm enclosure reference; top view; 1/2 AC, 3 -Vo, 4 +Vo; pitches X42.5, AC7.8, DC22.6; hole 1.1mm for 0.8mm pin. Datasheet pitch tolerance +/-1mm: verify actual bare board before fabrication."
library/oneTesla.pretty/IEC_C6_CONFIRMAR.kicad_mod,PCB,"[{""num"": ""1"", ""tipo"": ""thru_hole"", ""forma"": ""rect"", ""x"": -7.0, ""y"": 14.5, ""sx"": 3.0, ""sy"": 3.0, ""furo"": ""1.5"", ""rede"": """"}, {""num"": ""2"", ""tipo"": ""thru_hole"", ""forma"": ""circle"", ""x"": 7.0, ""y"": 14.5, ""sx"": 3.0, ""sy"": 3.0, ""furo"": ""1.5"", ""rede"": """"}, {""num"": ""3"", ""tipo"": ""thru_hole"", ""forma"": ""circle"", ""x"": 0.0, ""y"": 14.5, ""sx"": 3.0, ""sy"": 3.0, ""furo"": ""1.5"", ""rede"": """"}, {""num"": """", ""tipo"": ""np_thru_hole"", ""forma"": ""circle"", ""x"": -6.5, ""y"": 9.5, ""sx"": 3.0, ""sy"": 3.0, ""furo"": ""3"", ""rede"": """"}, {""num"": """", ""tipo"": ""np_thru_hole"", ""forma"": ""circle"", ""x"": 6.5, ""y"": 9.5, ""sx"": 3.0, ""sy"": 3.0, ""furo"": ""3"", ""rede"": """"}]",1,2,2,geometria inventariada; MPN/datasheet/encaixe não aprovado,"PROVISORIO: entrada IEC C6; geometria e numeracao propostas, confirmar fabricante, L/N/PE e fixacao"
library/oneTesla.pretty/J110_WireLink_P10.16mm.kicad_mod,PCB,"[{""num"": ""1"", ""tipo"": ""thru_hole"", ""forma"": ""circle"", ""x"": -5.08, ""y"": 0.0, ""sx"": 4.0, ""sy"": 4.0, ""furo"": ""2.2"", ""rede"": """"}, {""num"": ""2"", ""tipo"": ""thru_hole"", ""forma"": ""circle"", ""x"": 5.08, ""y"": 0.0, ""sx"": 4.0, ""sy"": 4.0, ""furo"": ""2.2"", ""rede"": """"}]",1,2,2,geometria inventariada; MPN/datasheet/encaixe não aprovado,Jumper de fio P10.16 mm estimado do layout; confirmar dimensoes
library/oneTesla.pretty/Primary_Terminal_M6_CONFIRMAR.kicad_mod,PCB,"[{""num"": ""1"", ""tipo"": ""thru_hole"", ""forma"": ""circle"", ""x"": 0.0, ""y"": 0.0, ""sx"": 4.0, ""sy"": 4.0, ""furo"": ""2.2"", ""rede"": """"}]",1,2,2,geometria inventariada; MPN/datasheet/encaixe não aprovado,"PROVISORIO: terminal M6 e pad de solda no mesmo net; confirmar terminal mecanico, furo e afastamento"
library/oneTesla.pretty/R_Axial_DIN0207_L6.3mm_D2.5mm_P7.62mm_Horizontal.kicad_mod,PCB,"[{""num"": ""1"", ""tipo"": ""thru_hole"", ""forma"": ""circle"", ""x"": 0.0, ""y"": 0.0, ""sx"": 1.6, ""sy"": 1.6, ""furo"": ""0.8"", ""rede"": """"}, {""num"": ""2"", ""tipo"": ""thru_hole"", ""forma"": ""circle"", ""x"": 7.62, ""y"": 0.0, ""sx"": 1.6, ""sy"": 1.6, ""furo"": ""0.8"", ""rede"": """"}]",1,8,5,geometria inventariada; MPN/datasheet/encaixe não aprovado,"Resistor, Axial_DIN0207 series, Axial, Horizontal, pin pitch=7.62mm, 0.25W = 1/4W, length*diameter=6.3*2.5mm^2, http://cdn-reichelt.de/documents/datenblatt/B400/1_4W%23YAG.pdf"
library/oneTesla.pretty/R_Axial_DIN0309_L9.0mm_D3.2mm_P12.70mm_Horizontal.kicad_mod,PCB,"[{""num"": ""1"", ""tipo"": ""thru_hole"", ""forma"": ""circle"", ""x"": -5.08, ""y"": 0.0, ""sx"": 1.6, ""sy"": 1.6, ""furo"": ""0.8128"", ""rede"": """"}, {""num"": ""2"", ""tipo"": ""thru_hole"", ""forma"": ""circle"", ""x"": 5.08, ""y"": 0.0, ""sx"": 1.6, ""sy"": 1.6, ""furo"": ""0.8128"", ""rede"": """"}]",1,5,5,geometria inventariada; MPN/datasheet/encaixe não aprovado,"Resistor, Axial_DIN0309 series, Axial, Horizontal, pin pitch=12.7mm, 0.5W = 1/2W, length*diameter=9*3.2mm^2, http://cdn-reichelt.de/documents/datenblatt/B400/1_4W%23YAG.pdf"
library/oneTesla.pretty/R_Axial_Power_L25.0mm_W6.4mm_P30.48mm.kicad_mod,PCB,"[{""num"": ""1"", ""tipo"": ""thru_hole"", ""forma"": ""circle"", ""x"": -11.43, ""y"": 0.0, ""sx"": 2.4, ""sy"": 2.4, ""furo"": ""1.3"", ""rede"": """"}, {""num"": ""2"", ""tipo"": ""thru_hole"", ""forma"": ""circle"", ""x"": 11.43, ""y"": 0.0, ""sx"": 2.4, ""sy"": 2.4, ""furo"": ""1.3"", ""rede"": """"}]",1,5,5,geometria inventariada; MPN/datasheet/encaixe não aprovado,"Resistor, Axial_Power series, Box, pin pitch=30.48mm, 5W, length*width*height=25*6.4*6.4mm^3, http://cdn-reichelt.de/documents/datenblatt/B400/5WAXIAL_9WAXIAL_11WAXIAL_17WAXIAL%23YAG.pdf"
library/oneTesla.pretty/SOP-14_5.3x10.2mm_P1.27mm.kicad_mod,NÃO USADO no PCB atual,"[{""num"": ""1"", ""tipo"": ""smd"", ""forma"": ""roundrect"", ""x"": -3.25, ""y"": -3.81, ""sx"": 2.4, ""sy"": 0.6, ""furo"": """", ""rede"": """"}, {""num"": ""2"", ""tipo"": ""smd"", ""forma"": ""roundrect"", ""x"": -3.25, ""y"": -2.54, ""sx"": 2.4, ""sy"": 0.6, ""furo"": """", ""rede"": """"}, {""num"": ""3"", ""tipo"": ""smd"", ""forma"": ""roundrect"", ""x"": -3.25, ""y"": -1.27, ""sx"": 2.4, ""sy"": 0.6, ""furo"": """", ""rede"": """"}, {""num"": ""4"", ""tipo"": ""smd"", ""forma"": ""roundrect"", ""x"": -3.25, ""y"": 0.0, ""sx"": 2.4, ""sy"": 0.6, ""furo"": """", ""rede"": """"}, {""num"": ""5"", ""tipo"": ""smd"", ""forma"": ""roundrect"", ""x"": -3.25, ""y"": 1.27, ""sx"": 2.4, ""sy"": 0.6, ""furo"": """", ""rede"": """"}, {""num"": ""6"", ""tipo"": ""smd"", ""forma"": ""roundrect"", ""x"": -3.25, ""y"": 2.54, ""sx"": 2.4, ""sy"": 0.6, ""furo"": """", ""rede"": """"}, {""num"": ""7"", ""tipo"": ""smd"", ""forma"": ""roundrect"", ""x"": -3.25, ""y"": 3.81, ""sx"": 2.4, ""sy"": 0.6, ""furo"": """", ""rede"": """"}, {""num"": ""8"", ""tipo"": ""smd"", ""forma"": ""roundrect"", ""x"": 3.25, ""y"": 3.81, ""sx"": 2.4, ""sy"": 0.6, ""furo"": """", ""rede"": """"}, {""num"": ""9"", ""tipo"": ""smd"", ""forma"": ""roundrect"", ""x"": 3.25, ""y"": 2.54, ""sx"": 2.4, ""sy"": 0.6, ""furo"": """", ""rede"": """"}, {""num"": ""10"", ""tipo"": ""smd"", ""forma"": ""roundrect"", ""x"": 3.25, ""y"": 1.27, ""sx"": 2.4, ""sy"": 0.6, ""furo"": """", ""rede"": """"}, {""num"": ""11"", ""tipo"": ""smd"", ""forma"": ""roundrect"", ""x"": 3.25, ""y"": 0.0, ""sx"": 2.4, ""sy"": 0.6, ""furo"": """", ""rede"": """"}, {""num"": ""12"", ""tipo"": ""smd"", ""forma"": ""roundrect"", ""x"": 3.25, ""y"": -1.27, ""sx"": 2.4, ""sy"": 0.6, ""furo"": """", ""rede"": """"}, {""num"": ""13"", ""tipo"": ""smd"", ""forma"": ""roundrect"", ""x"": 3.25, ""y"": -2.54, ""sx"": 2.4, ""sy"": 0.6, ""furo"": """", ""rede"": """"}, {""num"": ""14"", ""tipo"": ""smd"", ""forma"": ""roundrect"", ""x"": 3.25, ""y"": -3.81, ""sx"": 2.4, ""sy"": 0.6, ""furo"": """", ""rede"": """"}]",12,8,3,geometria inventariada; MPN/datasheet/encaixe não aprovado,"SOP, 14 Pin, 5.3x10.2mm body, 1.27mm pitch (EIAJ)"
library/oneTesla.pretty/TO-3P-3_Horizontal_TabDown.kicad_mod,PCB,"[{""num"": ""1"", ""tipo"": ""thru_hole"", ""forma"": ""rect"", ""x"": 0.0, ""y"": 0.0, ""sx"": 2.5, ""sy"": 4.5, ""furo"": ""1.4986"", ""rede"": """"}, {""num"": ""2"", ""tipo"": ""thru_hole"", ""forma"": ""circle"", ""x"": 5.45, ""y"": 0.0, ""sx"": 2.5, ""sy"": 4.5, ""furo"": ""1.4986"", ""rede"": """"}, {""num"": ""3"", ""tipo"": ""thru_hole"", ""forma"": ""circle"", ""x"": 10.9, ""y"": 0.0, ""sx"": 2.5, ""sy"": 4.5, ""furo"": ""1.4986"", ""rede"": """"}]",30,12,17,geometria inventariada; MPN/datasheet/encaixe não aprovado,"TO-3P-3, Horizontal, RM 5.45mm, see https://toshiba.semicon-storage.com/ap-en/design-support/package/detail.TO-3P(N).html"
library/oneTesla.pretty/TO-92_Inline.kicad_mod,PCB,"[{""num"": ""1"", ""tipo"": ""thru_hole"", ""forma"": ""rect"", ""x"": -1.27, ""y"": 0.0, ""sx"": 1.6, ""sy"": 1.6, ""furo"": ""0.8128"", ""rede"": """"}, {""num"": ""2"", ""tipo"": ""thru_hole"", ""forma"": ""circle"", ""x"": 0.0, ""y"": -1.905, ""sx"": 1.6, ""sy"": 1.6, ""furo"": ""0.8128"", ""rede"": """"}, {""num"": ""3"", ""tipo"": ""thru_hole"", ""forma"": ""circle"", ""x"": 1.27, ""y"": 0.0, ""sx"": 1.6, ""sy"": 1.6, ""furo"": ""0.8128"", ""rede"": """"}]",4,4,7,geometria inventariada; MPN/datasheet/encaixe não aprovado,"TO-92 leads in-line, narrow, oval pads, drill 0.75mm (see NXP sot054_po.pdf)"
